Title,Version,Created By,Created Date,Language,Primary Owner,Primary Owners,Business Reviewers,Domain Owner,Localization Config,Last Modified By,Last Modified Date,Status,Geography,Node Id,Node Type,Model Set Id,Model Set Version,Topics,Is Translation,Source Language,Source Id,Auto Translate,Translation Method,Last Published On,Last Published By,Archival Date,Archival By,Employee Class,Job Level,Line Of Business,Location Type,Hourly Salaried,Path,Country,Content Type,Channel,Show Managed By On Page,Template,Ticket Id,Is Searchable,Entitlement,Word Count,On Time,Off Time,Atms Due Date,Translation Approver,Translation Scheduled Date,Translation Status,Translation Workflow Template,Article Type,Category,Date Moved,Key Words,Open In New Tab,Fragment Reference,Content Url
 Why do I have to book travel in the program?,0.13.0,meichunq,2026-05-26T17:27:26.850Z,en_us,steppag,"steppag,prichhea,bmelmihe",mtsobis,amzn1.abacus.team.looo53floubmzytmswva,"{""autoTranslationMethod"":""ATMS_MT"",""targetLanguages"":[],""autoTranslate"":false,""locApprover"":""""}",meichunq,2026-05-26T17:27:26.850Z,DRAFT,Global,79fa79b9-a11e-4527-af19-202f07567615,CONTENT,85dbe259-664e-4cca-9534-4e0a8cd7d2ae,5,"18e0d124-7b0b-4e16-bd95-b301bbc65393,Travel Booking",FALSE,,,FALSE,,Mon Feb 01 1700 00:00:00 GMT+0000 (Coordinated Universal Time),,Mon Feb 01 1700 00:00:00 GMT+0000 (Coordinated Universal Time),,All Employee Classes,All Job Levels,"Advertising,Amazon Games,Amazon Video and Studios,Amazon Web Services (AWS),Devices & Services,General & Administrative,Music & Podcasts/Wondery,Subsidiaries,Worldwide Amazon Stores",All Location Types,All Employees,,,,,FALSE,,,FALSE,,,Mon Feb 01 1700 00:00:00 GMT+0000 (Coordinated Universal Time),Mon Feb 01 1700 00:00:00 GMT+0000 (Coordinated Universal Time),Mon Feb 01 1700 00:00:00 GMT+0000 (Coordinated Universal Time),,Mon Feb 01 1700 00:00:00 GMT+0000 (Coordinated Universal Time),,,,,Mon Feb 01 1700 00:00:00 GMT+0000 (Coordinated Universal Time),,FALSE,,https://corex.pxt.amazon.dev/all-content/18e0d124-7b0b-4e16-bd95-b301bbc65393/79fa79b9-a11e-4527-af19-202f07567615/0.13.0/content
Where Can I Locate My Previously Booked Trips? (Regional),0.2.0,bmelmihe,2026-05-21T12:57:04.846Z,en_us,steppag,"steppag,prichhea,bmelmihe",mtsobis,amzn1.abacus.team.looo53floubmzytmswva,"{""autoTranslationMethod"":""ATMS_MT"",""targetLanguages"":[],""autoTranslate"":false,""locApprover"":""""}",bmelmihe,2026-05-21T20:21:34.650Z,UNPUBLISHED,"Bahrain,Brazil,China,India,Israel,Japan,Jordan,Kenya,Kuwait,Mauritius,Mexico,Morocco,Saudi Arabia,South Korea,Spain,United Arab Emirates",8d821dd4-b829-4d69-8a50-50b5f2b9d211,CONTENT,85dbe259-664e-4cca-9534-4e0a8cd7d2ae,5,"18e0d124-7b0b-4e16-bd95-b301bbc65393,Travel Booking",FALSE,,,FALSE,,Mon Feb 01 1700 00:00:00 GMT+0000 (Coordinated Universal Time),,Mon Feb 01 1700 00:00:00 GMT+0000 (Coordinated Universal Time),,All Employee Classes,All Job Levels,"Advertising,Amazon Games,Amazon Video and Studios,Amazon Web Services (AWS),Devices & Services,General & Administrative,Music & Podcasts/Wondery,Subsidiaries,Worldwide Amazon Stores",All Location Types,All Employees,,,,,FALSE,,,FALSE,,,Mon Feb 01 1700 00:00:00 GMT+0000 (Coordinated Universal Time),Mon Feb 01 1700 00:00:00 GMT+0000 (Coordinated Universal Time),Mon Feb 01 1700 00:00:00 GMT+0000 (Coordinated Universal Time),,Mon Feb 01 1700 00:00:00 GMT+0000 (Coordinated Universal Time),,,,,Mon Feb 01 1700 00:00:00 GMT+0000 (Coordinated Universal Time),,FALSE,,https://corex.pxt.amazon.dev/all-content/18e0d124-7b0b-4e16-bd95-b301bbc65393/8d821dd4-b829-4d69-8a50-50b5f2b9d211/0.2.0/content
Why is my booking out of policy? ,0.0.0,steppag,2026-05-21T20:52:47.334Z,en_us,steppag,"steppag,bmelmihe,prichhea",mtsobis,amzn1.abacus.team.looo53floubmzytmswva,"{""autoTranslationMethod"":""ATMS_MT"",""targetLanguages"":[],""autoTranslate"":false,""locApprover"":""""}",steppag,2026-05-21T20:52:47.334Z,DRAFT,Global,eb558531-15e7-4030-bed0-72eaa07b6f9c,CONTENT,85dbe259-664e-4cca-9534-4e0a8cd7d2ae,5,"18e0d124-7b0b-4e16-bd95-b301bbc65393,Travel Booking",FALSE,,,FALSE,,Mon Feb 01 1700 00:00:00 GMT+0000 (Coordinated Universal Time),,Mon Feb 01 1700 00:00:00 GMT+0000 (Coordinated Universal Time),,All Employee Classes,All Job Levels,"Advertising,Amazon Games,Amazon Video and Studios,Amazon Web Services (AWS),Devices & Services,General & Administrative,Music & Podcasts/Wondery,Subsidiaries,Worldwide Amazon Stores",All Location Types,All Employees,,,,,FALSE,,,FALSE,,,Mon Feb 01 1700 00:00:00 GMT+0000 (Coordinated Universal Time),Mon Feb 01 1700 00:00:00 GMT+0000 (Coordinated Universal Time),Mon Feb 01 1700 00:00:00 GMT+0000 (Coordinated Universal Time),,Mon Feb 01 1700 00:00:00 GMT+0000 (Coordinated Universal Time),,,,,Mon Feb 01 1700 00:00:00 GMT+0000 (Coordinated Universal Time),,FALSE,,https://corex.pxt.amazon.dev/all-content/18e0d124-7b0b-4e16-bd95-b301bbc65393/eb558531-15e7-4030-bed0-72eaa07b6f9c/0.0.0/content
Where Can I Locate My Previously Booked Trips? (Global Access),0.1.0,bmelmihe,2026-05-21T12:56:48.816Z,en_us,steppag,"steppag,prichhea,bmelmihe",mtsobis,amzn1.abacus.team.looo53floubmzytmswva,"{""autoTranslationMethod"":""ATMS_MT"",""targetLanguages"":[],""autoTranslate"":false,""locApprover"":""""}",bmelmihe,2026-05-21T12:56:48.816Z,DRAFT,"Argentina,Australia,Austria,Bangladesh,Belgium,Brunei Darussalam,Cambodia,Chile,Colombia,Costa Rica,Croatia,Czechia,Denmark,Estonia,Finland,France,Germany,Greece,Hong Kong,Hungary,Indonesia,Ireland,Italy,Lao People's Democratic Republic,Luxembourg,Malaysia,Mauritius,Morocco,Netherlands,New Zealand,Nigeria,North America,Norway,Pakistan,Peru,Philippines,Poland,Portugal,Puerto Rico,Romania,Serbia,Singapore,Slovakia,Sweden,Switzerland,Taiwan,Thailand,United Kingdom,Uruguay,Viet Nam",36f2d803-57d2-4ed3-b21e-caba8f6a2e34,CONTENT,85dbe259-664e-4cca-9534-4e0a8cd7d2ae,5,"18e0d124-7b0b-4e16-bd95-b301bbc65393,Travel Booking",FALSE,,,FALSE,,Mon Feb 01 1700 00:00:00 GMT+0000 (Coordinated Universal Time),,Mon Feb 01 1700 00:00:00 GMT+0000 (Coordinated Universal Time),,All Employee Classes,All Job Levels,"Advertising,Amazon Games,Amazon Video and Studios,Amazon Web Services (AWS),Devices & Services,General & Administrative,Music & Podcasts/Wondery,Subsidiaries,Worldwide Amazon Stores",All Location Types,All Employees,,,,,FALSE,,,FALSE,,,Mon Feb 01 1700 00:00:00 GMT+0000 (Coordinated Universal Time),Mon Feb 01 1700 00:00:00 GMT+0000 (Coordinated Universal Time),Mon Feb 01 1700 00:00:00 GMT+0000 (Coordinated Universal Time),,Mon Feb 01 1700 00:00:00 GMT+0000 (Coordinated Universal Time),,,,,Mon Feb 01 1700 00:00:00 GMT+0000 (Coordinated Universal Time),,FALSE,,https://corex.pxt.amazon.dev/all-content/18e0d124-7b0b-4e16-bd95-b301bbc65393/36f2d803-57d2-4ed3-b21e-caba8f6a2e34/0.1.0/content
What size rental car am I allowed to book?,0.8.0,steppag,2026-05-27T20:01:37.503Z,en_us,steppag,"steppag,prichhea,bmelmihe",mtsobis,amzn1.abacus.team.looo53floubmzytmswva,"{""autoTranslationMethod"":""ATMS_MT"",""targetLanguages"":[],""autoTranslate"":false,""locApprover"":""""}",steppag,2026-05-27T20:01:37.503Z,DRAFT,Global,dbd5222a-4eed-49c9-a87d-54b7edd051ac,CONTENT,85dbe259-664e-4cca-9534-4e0a8cd7d2ae,5,"18e0d124-7b0b-4e16-bd95-b301bbc65393,Travel Booking",FALSE,,,FALSE,,Mon Feb 01 1700 00:00:00 GMT+0000 (Coordinated Universal Time),,Mon Feb 01 1700 00:00:00 GMT+0000 (Coordinated Universal Time),,All Employee Classes,All Job Levels,"Advertising,Amazon Games,Amazon Video and Studios,Amazon Web Services (AWS),Devices & Services,General & Administrative,Music & Podcasts/Wondery,Subsidiaries,Worldwide Amazon Stores",All Location Types,All Employees,,,,,FALSE,,,FALSE,,,Mon Feb 01 1700 00:00:00 GMT+0000 (Coordinated Universal Time),Mon Feb 01 1700 00:00:00 GMT+0000 (Coordinated Universal Time),Mon Feb 01 1700 00:00:00 GMT+0000 (Coordinated Universal Time),,Mon Feb 01 1700 00:00:00 GMT+0000 (Coordinated Universal Time),,,,,Mon Feb 01 1700 00:00:00 GMT+0000 (Coordinated Universal Time),,FALSE,,https://corex.pxt.amazon.dev/all-content/18e0d124-7b0b-4e16-bd95-b301bbc65393/dbd5222a-4eed-49c9-a87d-54b7edd051ac/0.8.0/content
I need to change my travel plans (Global Access),0.3.0,steppag,2026-05-27T20:06:58.024Z,en_us,steppag,"steppag,prichhea,bmelmihe",mtsobis,amzn1.abacus.team.looo53floubmzytmswva,"{""autoTranslationMethod"":""ATMS_MT"",""targetLanguages"":[],""autoTranslate"":false,""locApprover"":""""}",steppag,2026-05-27T20:06:58.024Z,DRAFT,"Argentina,Australia,Austria,Belgium,Canada,Chile,Colombia,Costa Rica,Croatia,Czechia,Denmark,Estonia,Finland,France,Germany,Greece,Hong Kong,Hungary,Indonesia,Ireland,Italy,Luxembourg,Malaysia,Mauritius,Morocco,Netherlands,New Zealand,Nigeria,Norway,Peru,Philippines,Poland,Portugal,Romania,Serbia,Singapore,Slovakia,Sweden,Switzerland,Taiwan,Thailand,United Kingdom,United States,Uruguay,Viet Nam",bbbc8609-7cc8-4e90-9edc-cf1009020f63,CONTENT,85dbe259-664e-4cca-9534-4e0a8cd7d2ae,5,"18e0d124-7b0b-4e16-bd95-b301bbc65393,Travel Booking",FALSE,,,FALSE,,Mon Feb 01 1700 00:00:00 GMT+0000 (Coordinated Universal Time),,Mon Feb 01 1700 00:00:00 GMT+0000 (Coordinated Universal Time),,All Employee Classes,All Job Levels,"Advertising,Amazon Games,Amazon Video and Studios,Amazon Web Services (AWS),Devices & Services,General & Administrative,Music & Podcasts/Wondery,Subsidiaries,Worldwide Amazon Stores",All Location Types,All Employees,,,,,FALSE,,,FALSE,,,Mon Feb 01 1700 00:00:00 GMT+0000 (Coordinated Universal Time),Mon Feb 01 1700 00:00:00 GMT+0000 (Coordinated Universal Time),Mon Feb 01 1700 00:00:00 GMT+0000 (Coordinated Universal Time),,Mon Feb 01 1700 00:00:00 GMT+0000 (Coordinated Universal Time),,,,,Mon Feb 01 1700 00:00:00 GMT+0000 (Coordinated Universal Time),,FALSE,,https://corex.pxt.amazon.dev/all-content/18e0d124-7b0b-4e16-bd95-b301bbc65393/bbbc8609-7cc8-4e90-9edc-cf1009020f63/0.3.0/content
What Am I Allowed to Book?,0.9.0,bmelmihe,2026-05-20T17:33:49.699Z,en_us,steppag,"steppag,prichhea,bmelmihe",mtsobis,amzn1.abacus.team.looo53floubmzytmswva,"{""autoTranslationMethod"":""ATMS_MT"",""targetLanguages"":[],""autoTranslate"":false,""locApprover"":""""}",bmelmihe,2026-05-20T17:33:49.699Z,DRAFT,Global,5a67d52f-6b49-48d3-8697-293e322c03c5,CONTENT,85dbe259-664e-4cca-9534-4e0a8cd7d2ae,5,"18e0d124-7b0b-4e16-bd95-b301bbc65393,Travel Booking",FALSE,,,FALSE,,Mon Feb 01 1700 00:00:00 GMT+0000 (Coordinated Universal Time),,Mon Feb 01 1700 00:00:00 GMT+0000 (Coordinated Universal Time),,All Employee Classes,All Job Levels,"Advertising,Amazon Games,Amazon Video and Studios,Amazon Web Services (AWS),Devices & Services,General & Administrative,Music & Podcasts/Wondery,Subsidiaries,Worldwide Amazon Stores",All Location Types,All Employees,,,,,FALSE,,,FALSE,,,Mon Feb 01 1700 00:00:00 GMT+0000 (Coordinated Universal Time),Mon Feb 01 1700 00:00:00 GMT+0000 (Coordinated Universal Time),Mon Feb 01 1700 00:00:00 GMT+0000 (Coordinated Universal Time),,Mon Feb 01 1700 00:00:00 GMT+0000 (Coordinated Universal Time),,,,,Mon Feb 01 1700 00:00:00 GMT+0000 (Coordinated Universal Time),,FALSE,,https://corex.pxt.amazon.dev/all-content/18e0d124-7b0b-4e16-bd95-b301bbc65393/5a67d52f-6b49-48d3-8697-293e322c03c5/0.9.0/content
What Is the Process for Booking a Seat? (Global Access),1.1.0,mtsobis,2026-05-22T15:43:52.818Z,en_us,steppag,"steppag,prichhea,bmelmihe",mtsobis,amzn1.abacus.team.looo53floubmzytmswva,"{""locApprover"":"""",""autoTranslationMethod"":""ATMS_MT"",""targetLanguages"":[],""autoTranslate"":false}",mtsobis,2026-05-22T15:43:52.818Z,DRAFT,"Argentina,Australia,Austria,Belgium,Chile,Colombia,Costa Rica,Croatia,Czechia,Denmark,Estonia,Finland,France,Germany,Greece,Hong Kong,Hungary,Indonesia,Ireland,Italy,Luxembourg,Malaysia,Mauritius,Morocco,Netherlands,Nigeria,North America,Norway,Peru,Philippines,Poland,Portugal,Puerto Rico,Romania,Serbia,Singapore,Slovakia,Sweden,Switzerland,Taiwan,Thailand,United Kingdom,Uruguay,Viet Nam",f0093e4c-160e-401a-bacb-f4427b9d0728,CONTENT,85dbe259-664e-4cca-9534-4e0a8cd7d2ae,5,"18e0d124-7b0b-4e16-bd95-b301bbc65393,Travel Booking",FALSE,,,FALSE,,Mon Feb 01 1700 00:00:00 GMT+0000 (Coordinated Universal Time),,Mon Feb 01 1700 00:00:00 GMT+0000 (Coordinated Universal Time),,All Employee Classes,All Job Levels,"Advertising,Amazon Games,Amazon Video and Studios,Amazon Web Services (AWS),Devices & Services,General & Administrative,Music & Podcasts/Wondery,Subsidiaries,Worldwide Amazon Stores",All Location Types,All Employees,,,,,FALSE,,,FALSE,,,Mon Feb 01 1700 00:00:00 GMT+0000 (Coordinated Universal Time),Mon Feb 01 1700 00:00:00 GMT+0000 (Coordinated Universal Time),Mon Feb 01 1700 00:00:00 GMT+0000 (Coordinated Universal Time),,Mon Feb 01 1700 00:00:00 GMT+0000 (Coordinated Universal Time),,,,,Mon Feb 01 1700 00:00:00 GMT+0000 (Coordinated Universal Time),,FALSE,,https://corex.pxt.amazon.dev/all-content/18e0d124-7b0b-4e16-bd95-b301bbc65393/f0093e4c-160e-401a-bacb-f4427b9d0728/1.1.0/content
How Do I Request Medical Accommodation for Travel?,0.1.0,prichhea,2026-05-22T17:12:57.570Z,en_us,steppag,"steppag,prichhea,bmelmihe",mtsobis,amzn1.abacus.team.looo53floubmzytmswva,"{""autoTranslationMethod"":""ATMS_MT"",""targetLanguages"":[],""autoTranslate"":false,""locApprover"":""""}",prichhea,2026-05-22T17:12:57.570Z,DRAFT,Global,48046e91-af74-4c6d-8f0d-b93647a424d4,CONTENT,85dbe259-664e-4cca-9534-4e0a8cd7d2ae,5,"18e0d124-7b0b-4e16-bd95-b301bbc65393,Travel Booking",FALSE,,,FALSE,,Mon Feb 01 1700 00:00:00 GMT+0000 (Coordinated Universal Time),,Mon Feb 01 1700 00:00:00 GMT+0000 (Coordinated Universal Time),,"B - Fixed Term Contractor - EU,F - Regular Full Time,H - Regular Part Time - 20 + Hours,I - Intern,J - JV or RC Worker,M - Internal Staffing Solutions,N - Trainee European,P - Apprentice,Q - Field Regular Part Time 20-29,R - Regular Reduced Time 30 + Hrs,S - Seasonal/Short-Term,X - Regular Flex Time - < 20 Hrs","L0,L1,L10,L11,L12,L2,L3,L4,L5,L6,L7,L8,L9","Advertising,Amazon Games,Amazon Pharmacy,Amazon Video and Studios,Amazon Web Services (AWS),Celeste,Devices & Services,Fabric,General & Administrative,Music & Podcasts/Wondery,One Medical,Shopbop,Subsidiaries,Worldwide Amazon Stores,Zappos",All Location Types,All Employees,,,,,FALSE,,,FALSE,,,Mon Feb 01 1700 00:00:00 GMT+0000 (Coordinated Universal Time),Mon Feb 01 1700 00:00:00 GMT+0000 (Coordinated Universal Time),Mon Feb 01 1700 00:00:00 GMT+0000 (Coordinated Universal Time),,Mon Feb 01 1700 00:00:00 GMT+0000 (Coordinated Universal Time),,,,,Mon Feb 01 1700 00:00:00 GMT+0000 (Coordinated Universal Time),,FALSE,,https://corex.pxt.amazon.dev/all-content/18e0d124-7b0b-4e16-bd95-b301bbc65393/48046e91-af74-4c6d-8f0d-b93647a424d4/0.1.0/content
How Do I Set Up My Travel Profile? (Japan),0.0.0,bmelmihe,2026-05-21T12:29:15.547Z,en_us,steppag,"steppag,bmelmihe,prichhea",mtsobis,amzn1.abacus.team.looo53floubmzytmswva,"{""autoTranslationMethod"":""ATMS_MT"",""targetLanguages"":[],""autoTranslate"":false,""locApprover"":""""}",bmelmihe,2026-05-21T12:29:15.547Z,DRAFT,Japan,e3e46a05-92f7-43b1-81bf-74710b447725,CONTENT,85dbe259-664e-4cca-9534-4e0a8cd7d2ae,5,"18e0d124-7b0b-4e16-bd95-b301bbc65393,Travel Booking",FALSE,,,FALSE,,Mon Feb 01 1700 00:00:00 GMT+0000 (Coordinated Universal Time),,Mon Feb 01 1700 00:00:00 GMT+0000 (Coordinated Universal Time),,All Employee Classes,All Job Levels,"Advertising,Amazon Games,Amazon Video and Studios,Amazon Web Services (AWS),Devices & Services,General & Administrative,Music & Podcasts/Wondery,Subsidiaries,Worldwide Amazon Stores",All Location Types,All Employees,,,,,FALSE,,,FALSE,,,Mon Feb 01 1700 00:00:00 GMT+0000 (Coordinated Universal Time),Mon Feb 01 1700 00:00:00 GMT+0000 (Coordinated Universal Time),Mon Feb 01 1700 00:00:00 GMT+0000 (Coordinated Universal Time),,Mon Feb 01 1700 00:00:00 GMT+0000 (Coordinated Universal Time),,,,,Mon Feb 01 1700 00:00:00 GMT+0000 (Coordinated Universal Time),,FALSE,,https://corex.pxt.amazon.dev/all-content/18e0d124-7b0b-4e16-bd95-b301bbc65393/e3e46a05-92f7-43b1-81bf-74710b447725/0.0.0/content
How Do I Book Travel For Work at Amazon?,0.9.0,bmelmihe,2026-05-21T18:30:18.767Z,en_us,bmelmihe,"bmelmihe,steppag,prichhea",mtsobis,amzn1.abacus.team.looo53floubmzytmswva,"{""autoTranslationMethod"":""ATMS_MT"",""targetLanguages"":[],""autoTranslate"":false,""locApprover"":""""}",bmelmihe,2026-05-21T18:30:18.767Z,DRAFT,Global,ec0c13bb-da1a-4808-a2a1-42cd3e24c977,CONTENT,85dbe259-664e-4cca-9534-4e0a8cd7d2ae,5,"18e0d124-7b0b-4e16-bd95-b301bbc65393,Travel Booking",FALSE,,,FALSE,,Mon Feb 01 1700 00:00:00 GMT+0000 (Coordinated Universal Time),,Mon Feb 01 1700 00:00:00 GMT+0000 (Coordinated Universal Time),,All Employee Classes,All Job Levels,"Advertising,Amazon Games,Amazon Video and Studios,Amazon Web Services (AWS),Devices & Services,General & Administrative,Music & Podcasts/Wondery,Subsidiaries,Worldwide Amazon Stores",All Location Types,All Employees,,,,,FALSE,,,FALSE,,,Mon Feb 01 1700 00:00:00 GMT+0000 (Coordinated Universal Time),Mon Feb 01 1700 00:00:00 GMT+0000 (Coordinated Universal Time),Mon Feb 01 1700 00:00:00 GMT+0000 (Coordinated Universal Time),,Mon Feb 01 1700 00:00:00 GMT+0000 (Coordinated Universal Time),,,,,Mon Feb 01 1700 00:00:00 GMT+0000 (Coordinated Universal Time),,FALSE,,https://corex.pxt.amazon.dev/all-content/18e0d124-7b0b-4e16-bd95-b301bbc65393/ec0c13bb-da1a-4808-a2a1-42cd3e24c977/0.9.0/content
Can I upgrade my fare using miles? ,0.5.0,meichunq,2026-05-26T17:29:32.512Z,en_us,steppag,"steppag,prichhea,bmelmihe",mtsobis,amzn1.abacus.team.looo53floubmzytmswva,"{""autoTranslationMethod"":""ATMS_MT"",""targetLanguages"":[],""autoTranslate"":false,""locApprover"":""""}",meichunq,2026-05-26T17:29:32.512Z,DRAFT,Global,61598f6d-d0a2-4521-a2a5-fef356e5871f,CONTENT,85dbe259-664e-4cca-9534-4e0a8cd7d2ae,5,"18e0d124-7b0b-4e16-bd95-b301bbc65393,Travel Booking",FALSE,,,FALSE,,Mon Feb 01 1700 00:00:00 GMT+0000 (Coordinated Universal Time),,Mon Feb 01 1700 00:00:00 GMT+0000 (Coordinated Universal Time),,All Employee Classes,All Job Levels,"Advertising,Amazon Games,Amazon Video and Studios,Amazon Web Services (AWS),Devices & Services,General & Administrative,Music & Podcasts/Wondery,Subsidiaries,Worldwide Amazon Stores",All Location Types,All Employees,,,,,FALSE,,,FALSE,,,Mon Feb 01 1700 00:00:00 GMT+0000 (Coordinated Universal Time),Mon Feb 01 1700 00:00:00 GMT+0000 (Coordinated Universal Time),Mon Feb 01 1700 00:00:00 GMT+0000 (Coordinated Universal Time),,Mon Feb 01 1700 00:00:00 GMT+0000 (Coordinated Universal Time),,,,,Mon Feb 01 1700 00:00:00 GMT+0000 (Coordinated Universal Time),,FALSE,,https://corex.pxt.amazon.dev/all-content/18e0d124-7b0b-4e16-bd95-b301bbc65393/61598f6d-d0a2-4521-a2a5-fef356e5871f/0.5.0/content
How do I report a car accident while traveling for business? ,0.8.0,meichunq,2026-05-26T17:28:58.503Z,en_us,steppag,"steppag,bmelmihe,prichhea",mtsobis,amzn1.abacus.team.looo53floubmzytmswva,"{""autoTranslationMethod"":""ATMS_MT"",""targetLanguages"":[],""autoTranslate"":false,""locApprover"":""""}",meichunq,2026-05-26T17:28:58.503Z,DRAFT,Global,ee381c40-2a21-48a6-b6fa-24d0a2ced64e,CONTENT,85dbe259-664e-4cca-9534-4e0a8cd7d2ae,5,"18e0d124-7b0b-4e16-bd95-b301bbc65393,Travel Booking",FALSE,,,FALSE,,Mon Feb 01 1700 00:00:00 GMT+0000 (Coordinated Universal Time),,Mon Feb 01 1700 00:00:00 GMT+0000 (Coordinated Universal Time),,All Employee Classes,All Job Levels,"Advertising,Amazon Games,Amazon Video and Studios,Amazon Web Services (AWS),Devices & Services,General & Administrative,Music & Podcasts/Wondery,Subsidiaries,Worldwide Amazon Stores",All Location Types,All Employees,,,,,FALSE,,,FALSE,,,Mon Feb 01 1700 00:00:00 GMT+0000 (Coordinated Universal Time),Mon Feb 01 1700 00:00:00 GMT+0000 (Coordinated Universal Time),Mon Feb 01 1700 00:00:00 GMT+0000 (Coordinated Universal Time),,Mon Feb 01 1700 00:00:00 GMT+0000 (Coordinated Universal Time),,,,,Mon Feb 01 1700 00:00:00 GMT+0000 (Coordinated Universal Time),,FALSE,,https://corex.pxt.amazon.dev/all-content/18e0d124-7b0b-4e16-bd95-b301bbc65393/ee381c40-2a21-48a6-b6fa-24d0a2ced64e/0.8.0/content
 Do I need a visa for travel? ,0.3.0,steppag,2026-05-27T20:10:59.469Z,en_us,steppag,"steppag,prichhea,bmelmihe",mtsobis,amzn1.abacus.team.looo53floubmzytmswva,"{""autoTranslationMethod"":""ATMS_MT"",""targetLanguages"":[],""autoTranslate"":false,""locApprover"":""""}",steppag,2026-05-27T20:10:59.469Z,DRAFT,Global,ea1d3ee7-fa27-4905-a6eb-d26dac5a676f,CONTENT,85dbe259-664e-4cca-9534-4e0a8cd7d2ae,5,"18e0d124-7b0b-4e16-bd95-b301bbc65393,Travel Booking",FALSE,,,FALSE,,Mon Feb 01 1700 00:00:00 GMT+0000 (Coordinated Universal Time),,Mon Feb 01 1700 00:00:00 GMT+0000 (Coordinated Universal Time),,All Employee Classes,All Job Levels,"Advertising,Amazon Games,Amazon Video and Studios,Amazon Web Services (AWS),Devices & Services,General & Administrative,Music & Podcasts/Wondery,Subsidiaries,Worldwide Amazon Stores",All Location Types,All Employees,,,,,FALSE,,,FALSE,,,Mon Feb 01 1700 00:00:00 GMT+0000 (Coordinated Universal Time),Mon Feb 01 1700 00:00:00 GMT+0000 (Coordinated Universal Time),Mon Feb 01 1700 00:00:00 GMT+0000 (Coordinated Universal Time),,Mon Feb 01 1700 00:00:00 GMT+0000 (Coordinated Universal Time),,,,,Mon Feb 01 1700 00:00:00 GMT+0000 (Coordinated Universal Time),,FALSE,,https://corex.pxt.amazon.dev/all-content/18e0d124-7b0b-4e16-bd95-b301bbc65393/ea1d3ee7-fa27-4905-a6eb-d26dac5a676f/0.3.0/content
Am I Allowed to Upgrade My Fare Class? (Global Access),0.4.0,steppag,2026-05-27T20:14:04.568Z,en_us,steppag,"steppag,prichhea,bmelmihe",mtsobis,amzn1.abacus.team.looo53floubmzytmswva,"{""autoTranslationMethod"":""ATMS_MT"",""targetLanguages"":[],""autoTranslate"":false,""locApprover"":""""}",steppag,2026-05-27T20:14:04.568Z,DRAFT,"Argentina,Australia,Austria,Belgium,Canada,Chile,Colombia,Costa Rica,Croatia,Czechia,Denmark,Estonia,Finland,France,Germany,Greece,Hong Kong,Hungary,Indonesia,Ireland,Italy,Luxembourg,Malaysia,Mauritius,Morocco,Netherlands,New Zealand,Nigeria,Norway,Peru,Philippines,Poland,Portugal,Puerto Rico,Romania,Serbia,Singapore,Slovakia,Sweden,Switzerland,Taiwan,Thailand,United Kingdom,United States,Uruguay,Viet Nam",1e6e74ea-4257-47d3-874d-628909348fc3,CONTENT,85dbe259-664e-4cca-9534-4e0a8cd7d2ae,5,"18e0d124-7b0b-4e16-bd95-b301bbc65393,Travel Booking",FALSE,,,FALSE,,Mon Feb 01 1700 00:00:00 GMT+0000 (Coordinated Universal Time),,Mon Feb 01 1700 00:00:00 GMT+0000 (Coordinated Universal Time),,All Employee Classes,All Job Levels,"Advertising,Amazon Games,Amazon Video and Studios,Amazon Web Services (AWS),Devices & Services,General & Administrative,Music & Podcasts/Wondery,Subsidiaries,Worldwide Amazon Stores",All Location Types,All Employees,,,,,FALSE,,,FALSE,,,Mon Feb 01 1700 00:00:00 GMT+0000 (Coordinated Universal Time),Mon Feb 01 1700 00:00:00 GMT+0000 (Coordinated Universal Time),Mon Feb 01 1700 00:00:00 GMT+0000 (Coordinated Universal Time),,Mon Feb 01 1700 00:00:00 GMT+0000 (Coordinated Universal Time),,,,,Mon Feb 01 1700 00:00:00 GMT+0000 (Coordinated Universal Time),,FALSE,,https://corex.pxt.amazon.dev/all-content/18e0d124-7b0b-4e16-bd95-b301bbc65393/1e6e74ea-4257-47d3-874d-628909348fc3/0.4.0/content
Am I allowed to upgrade my fare class? (Regional),0.3.0,steppag,2026-05-27T20:15:27.643Z,en_us,steppag,"steppag,bmelmihe,prichhea",mtsobis,amzn1.abacus.team.looo53floubmzytmswva,"{""autoTranslationMethod"":""ATMS_MT"",""targetLanguages"":[],""autoTranslate"":false,""locApprover"":""""}",steppag,2026-05-27T20:15:27.643Z,DRAFT,"Bahrain,Brazil,China,Egypt,India,Israel,Japan,Jordan,Kenya,Kuwait,Mexico,Saudi Arabia,South Africa,South Korea,Spain,United Arab Emirates",b9ce83b0-b104-421f-82bd-52202ac1382c,CONTENT,85dbe259-664e-4cca-9534-4e0a8cd7d2ae,5,"18e0d124-7b0b-4e16-bd95-b301bbc65393,Travel Booking",FALSE,,,FALSE,,Mon Feb 01 1700 00:00:00 GMT+0000 (Coordinated Universal Time),,Mon Feb 01 1700 00:00:00 GMT+0000 (Coordinated Universal Time),,All Employee Classes,All Job Levels,"Advertising,Amazon Games,Amazon Video and Studios,Amazon Web Services (AWS),Devices & Services,General & Administrative,Music & Podcasts/Wondery,Subsidiaries,Worldwide Amazon Stores",All Location Types,All Employees,,,,,FALSE,,,FALSE,,,Mon Feb 01 1700 00:00:00 GMT+0000 (Coordinated Universal Time),Mon Feb 01 1700 00:00:00 GMT+0000 (Coordinated Universal Time),Mon Feb 01 1700 00:00:00 GMT+0000 (Coordinated Universal Time),,Mon Feb 01 1700 00:00:00 GMT+0000 (Coordinated Universal Time),,,,,Mon Feb 01 1700 00:00:00 GMT+0000 (Coordinated Universal Time),,FALSE,,https://corex.pxt.amazon.dev/all-content/18e0d124-7b0b-4e16-bd95-b301bbc65393/b9ce83b0-b104-421f-82bd-52202ac1382c/0.3.0/content
Can I get permission to upgrade for long-haul flights?,0.0.0,steppag,2026-05-22T22:57:06.312Z,en_us,steppag,"steppag,bmelmihe,prichhea",mtsobis,amzn1.abacus.team.looo53floubmzytmswva,"{""autoTranslationMethod"":""ATMS_MT"",""targetLanguages"":[],""autoTranslate"":false,""locApprover"":""""}",steppag,2026-05-22T22:57:06.312Z,DRAFT,Global,5bd55d03-9de3-4eb0-9dfd-74e8aad0d472,CONTENT,85dbe259-664e-4cca-9534-4e0a8cd7d2ae,5,"18e0d124-7b0b-4e16-bd95-b301bbc65393,Travel Booking",FALSE,,,FALSE,,Mon Feb 01 1700 00:00:00 GMT+0000 (Coordinated Universal Time),,Mon Feb 01 1700 00:00:00 GMT+0000 (Coordinated Universal Time),,All Employee Classes,All Job Levels,"Advertising,Amazon Games,Amazon Video and Studios,Amazon Web Services (AWS),Devices & Services,General & Administrative,Music & Podcasts/Wondery,Subsidiaries,Worldwide Amazon Stores",All Location Types,All Employees,,,,,FALSE,,,FALSE,,,Mon Feb 01 1700 00:00:00 GMT+0000 (Coordinated Universal Time),Mon Feb 01 1700 00:00:00 GMT+0000 (Coordinated Universal Time),Mon Feb 01 1700 00:00:00 GMT+0000 (Coordinated Universal Time),,Mon Feb 01 1700 00:00:00 GMT+0000 (Coordinated Universal Time),,,,,Mon Feb 01 1700 00:00:00 GMT+0000 (Coordinated Universal Time),,FALSE,,https://corex.pxt.amazon.dev/all-content/18e0d124-7b0b-4e16-bd95-b301bbc65393/5bd55d03-9de3-4eb0-9dfd-74e8aad0d472/0.0.0/content
What Is The Process for Booking a Seat? (Regional),0.3.0,mtsobis,2026-05-22T15:47:29.879Z,en_us,steppag,"steppag,prichhea,bmelmihe",,amzn1.abacus.team.looo53floubmzytmswva,"{""locApprover"":"""",""autoTranslationMethod"":""ATMS_MT"",""targetLanguages"":[],""autoTranslate"":false}",mtsobis,2026-05-22T15:47:29.879Z,DRAFT,"Bahrain,Brazil,China,India,Israel,Japan,Jordan,Kenya,Kuwait,Mauritius,Mexico,Morocco,Saudi Arabia,South Africa,South Korea,Spain,United Arab Emirates",046dc0ed-0bed-4b8f-8de7-817b5b20548e,CONTENT,85dbe259-664e-4cca-9534-4e0a8cd7d2ae,5,"18e0d124-7b0b-4e16-bd95-b301bbc65393,Travel Booking",FALSE,,,FALSE,,Mon Feb 01 1700 00:00:00 GMT+0000 (Coordinated Universal Time),,Mon Feb 01 1700 00:00:00 GMT+0000 (Coordinated Universal Time),,All Employee Classes,All Job Levels,"Advertising,Amazon Games,Amazon Video and Studios,Amazon Web Services (AWS),Devices & Services,General & Administrative,Music & Podcasts/Wondery,Subsidiaries,Worldwide Amazon Stores",All Location Types,All Employees,,,,,FALSE,,,FALSE,,,Mon Feb 01 1700 00:00:00 GMT+0000 (Coordinated Universal Time),Mon Feb 01 1700 00:00:00 GMT+0000 (Coordinated Universal Time),Mon Feb 01 1700 00:00:00 GMT+0000 (Coordinated Universal Time),,Mon Feb 01 1700 00:00:00 GMT+0000 (Coordinated Universal Time),,,,,Mon Feb 01 1700 00:00:00 GMT+0000 (Coordinated Universal Time),,FALSE,,https://corex.pxt.amazon.dev/all-content/18e0d124-7b0b-4e16-bd95-b301bbc65393/046dc0ed-0bed-4b8f-8de7-817b5b20548e/0.3.0/content
Can I Combine Work and Personal Travel?,0.0.0,prichhea,2026-05-22T18:01:29.870Z,en_us,steppag,"steppag,prichhea,bmelmihe",mtsobis,amzn1.abacus.team.looo53floubmzytmswva,"{""autoTranslationMethod"":""ATMS_MT"",""targetLanguages"":[],""autoTranslate"":false,""locApprover"":""""}",prichhea,2026-05-22T18:01:29.870Z,DRAFT,Global,a16a43a1-ba36-44bf-a33f-c2470902c267,CONTENT,85dbe259-664e-4cca-9534-4e0a8cd7d2ae,5,"18e0d124-7b0b-4e16-bd95-b301bbc65393,Travel Booking",FALSE,,,FALSE,,Mon Feb 01 1700 00:00:00 GMT+0000 (Coordinated Universal Time),,Mon Feb 01 1700 00:00:00 GMT+0000 (Coordinated Universal Time),,"F - Regular Full Time,H - Regular Part Time - 20 + Hours,I - Intern,J - JV or RC Worker,N - Trainee European,P - Apprentice,Q - Field Regular Part Time 20-29,R - Regular Reduced Time 30 + Hrs,S - Seasonal/Short-Term,X - Regular Flex Time - < 20 Hrs","L0,L1,L10,L11,L12,L2,L3,L4,L5,L6,L7,L8,L9","Advertising,Amazon Games,Amazon Video and Studios,Amazon Web Services (AWS),Devices & Services,General & Administrative,Music & Podcasts/Wondery,Subsidiaries,Worldwide Amazon Stores",All Location Types,All Employees,,,,,FALSE,,,FALSE,,,Mon Feb 01 1700 00:00:00 GMT+0000 (Coordinated Universal Time),Mon Feb 01 1700 00:00:00 GMT+0000 (Coordinated Universal Time),Mon Feb 01 1700 00:00:00 GMT+0000 (Coordinated Universal Time),,Mon Feb 01 1700 00:00:00 GMT+0000 (Coordinated Universal Time),,,,,Mon Feb 01 1700 00:00:00 GMT+0000 (Coordinated Universal Time),,FALSE,,https://corex.pxt.amazon.dev/all-content/18e0d124-7b0b-4e16-bd95-b301bbc65393/a16a43a1-ba36-44bf-a33f-c2470902c267/0.0.0/content
How Do I Set Up My Travel Profile? (Global Access),0.4.0,bmelmihe,2026-05-21T16:01:04.806Z,en_us,steppag,"steppag,prichhea,bmelmihe",mtsobis,amzn1.abacus.team.looo53floubmzytmswva,"{""autoTranslationMethod"":""ATMS_MT"",""targetLanguages"":[],""autoTranslate"":false,""locApprover"":""""}",bmelmihe,2026-05-21T16:01:04.806Z,DRAFT,"Argentina,Australia,Austria,Belgium,Chile,Colombia,Costa Rica,Croatia,Czechia,Denmark,Estonia,Finland,France,Germany,Greece,Hong Kong,Hungary,Indonesia,Ireland,Italy,Luxembourg,Malaysia,Mauritius,Morocco,Netherlands,New Zealand,North America,Norway,Peru,Philippines,Poland,Portugal,Puerto Rico,Romania,Serbia,Singapore,Slovakia,Sweden,Switzerland,Taiwan,Thailand,United Kingdom,Uruguay,Viet Nam",9b75108f-b8fe-4992-b008-4de72433d250,CONTENT,85dbe259-664e-4cca-9534-4e0a8cd7d2ae,5,"18e0d124-7b0b-4e16-bd95-b301bbc65393,Travel Booking",FALSE,,,FALSE,,Mon Feb 01 1700 00:00:00 GMT+0000 (Coordinated Universal Time),,Mon Feb 01 1700 00:00:00 GMT+0000 (Coordinated Universal Time),,All Employee Classes,All Job Levels,"Advertising,Amazon Games,Amazon Video and Studios,Amazon Web Services (AWS),Devices & Services,General & Administrative,Music & Podcasts/Wondery,Subsidiaries,Worldwide Amazon Stores",All Location Types,All Employees,,,,,FALSE,,,FALSE,,,Mon Feb 01 1700 00:00:00 GMT+0000 (Coordinated Universal Time),Mon Feb 01 1700 00:00:00 GMT+0000 (Coordinated Universal Time),Mon Feb 01 1700 00:00:00 GMT+0000 (Coordinated Universal Time),,Mon Feb 01 1700 00:00:00 GMT+0000 (Coordinated Universal Time),,,,,Mon Feb 01 1700 00:00:00 GMT+0000 (Coordinated Universal Time),,FALSE,,https://corex.pxt.amazon.dev/all-content/18e0d124-7b0b-4e16-bd95-b301bbc65393/9b75108f-b8fe-4992-b008-4de72433d250/0.4.0/content
I need to change my travel plans (Regional),0.3.0,steppag,2026-05-27T20:04:15.147Z,en_us,steppag,"steppag,prichhea,bmelmihe",mtsobis,amzn1.abacus.team.looo53floubmzytmswva,"{""autoTranslationMethod"":""ATMS_MT"",""targetLanguages"":[],""autoTranslate"":false,""locApprover"":""""}",steppag,2026-05-27T20:04:15.147Z,DRAFT,"Bahrain,Brazil,China,Egypt,India,Israel,Japan,Jordan,Kenya,Kuwait,Mexico,Saudi Arabia,South Africa,South Korea,Spain,United Arab Emirates",1fc1d541-01ed-42b0-b70a-50ac9f095dfe,CONTENT,85dbe259-664e-4cca-9534-4e0a8cd7d2ae,5,"18e0d124-7b0b-4e16-bd95-b301bbc65393,Travel Booking",FALSE,,,FALSE,,Mon Feb 01 1700 00:00:00 GMT+0000 (Coordinated Universal Time),,Mon Feb 01 1700 00:00:00 GMT+0000 (Coordinated Universal Time),,All Employee Classes,All Job Levels,"Advertising,Amazon Games,Amazon Video and Studios,Amazon Web Services (AWS),Devices & Services,General & Administrative,Music & Podcasts/Wondery,Subsidiaries,Worldwide Amazon Stores",All Location Types,All Employees,,,,,FALSE,,,FALSE,,,Mon Feb 01 1700 00:00:00 GMT+0000 (Coordinated Universal Time),Mon Feb 01 1700 00:00:00 GMT+0000 (Coordinated Universal Time),Mon Feb 01 1700 00:00:00 GMT+0000 (Coordinated Universal Time),,Mon Feb 01 1700 00:00:00 GMT+0000 (Coordinated Universal Time),,,,,Mon Feb 01 1700 00:00:00 GMT+0000 (Coordinated Universal Time),,FALSE,,https://corex.pxt.amazon.dev/all-content/18e0d124-7b0b-4e16-bd95-b301bbc65393/1fc1d541-01ed-42b0-b70a-50ac9f095dfe/0.3.0/content
Can I earn personal miles or loyalty points when traveling for business? ,0.4.0,steppag,2026-05-27T20:34:37.267Z,en_us,steppag,"steppag,prichhea,bmelmihe",mtsobis,amzn1.abacus.team.looo53floubmzytmswva,"{""autoTranslationMethod"":""ATMS_MT"",""targetLanguages"":[],""autoTranslate"":false,""locApprover"":""""}",steppag,2026-05-27T20:34:37.267Z,DRAFT,Global,df856485-44b7-4b7b-be6a-eee5c127d7ac,CONTENT,85dbe259-664e-4cca-9534-4e0a8cd7d2ae,5,"18e0d124-7b0b-4e16-bd95-b301bbc65393,Travel Booking",FALSE,,,FALSE,,Mon Feb 01 1700 00:00:00 GMT+0000 (Coordinated Universal Time),,Mon Feb 01 1700 00:00:00 GMT+0000 (Coordinated Universal Time),,All Employee Classes,All Job Levels,"Advertising,All LOBs,Amazon Games,Amazon Video and Studios,Amazon Web Services (AWS),Devices & Services,General & Administrative,Music & Podcasts/Wondery,Subsidiaries,Worldwide Amazon Stores",All Location Types,All Employees,,,,,FALSE,,,FALSE,,,Mon Feb 01 1700 00:00:00 GMT+0000 (Coordinated Universal Time),Mon Feb 01 1700 00:00:00 GMT+0000 (Coordinated Universal Time),Mon Feb 01 1700 00:00:00 GMT+0000 (Coordinated Universal Time),,Mon Feb 01 1700 00:00:00 GMT+0000 (Coordinated Universal Time),,,,,Mon Feb 01 1700 00:00:00 GMT+0000 (Coordinated Universal Time),,FALSE,,https://corex.pxt.amazon.dev/all-content/18e0d124-7b0b-4e16-bd95-b301bbc65393/df856485-44b7-4b7b-be6a-eee5c127d7ac/0.4.0/content
Do I Need Rental Car Insurance for Work Travel?,0.0.0,prichhea,2026-05-22T17:42:02.891Z,en_us,steppag,"steppag,prichhea,bmelmihe",mtsobis,amzn1.abacus.team.looo53floubmzytmswva,"{""autoTranslationMethod"":""ATMS_MT"",""targetLanguages"":[],""autoTranslate"":false,""locApprover"":""""}",prichhea,2026-05-22T17:42:02.891Z,DRAFT,Global,12eb2d6b-cbed-4cf6-a989-0486700f2123,CONTENT,85dbe259-664e-4cca-9534-4e0a8cd7d2ae,5,"18e0d124-7b0b-4e16-bd95-b301bbc65393,Travel Booking",FALSE,,,FALSE,,Mon Feb 01 1700 00:00:00 GMT+0000 (Coordinated Universal Time),,Mon Feb 01 1700 00:00:00 GMT+0000 (Coordinated Universal Time),,All Employee Classes,All Job Levels,"Advertising,Amazon Games,Amazon Video and Studios,Amazon Web Services (AWS),Devices & Services,General & Administrative,Music & Podcasts/Wondery,Subsidiaries,Worldwide Amazon Stores",All Location Types,All Employees,,,,,FALSE,,,FALSE,,,Mon Feb 01 1700 00:00:00 GMT+0000 (Coordinated Universal Time),Mon Feb 01 1700 00:00:00 GMT+0000 (Coordinated Universal Time),Mon Feb 01 1700 00:00:00 GMT+0000 (Coordinated Universal Time),,Mon Feb 01 1700 00:00:00 GMT+0000 (Coordinated Universal Time),,,,,Mon Feb 01 1700 00:00:00 GMT+0000 (Coordinated Universal Time),,FALSE,,https://corex.pxt.amazon.dev/all-content/18e0d124-7b0b-4e16-bd95-b301bbc65393/12eb2d6b-cbed-4cf6-a989-0486700f2123/0.0.0/content
How Do I Set Up My Travel Profile? (China),0.1.0,bmelmihe,2026-05-21T16:18:59.209Z,en_us,steppag,"steppag,prichhea,bmelmihe",mtsobis,amzn1.abacus.team.looo53floubmzytmswva,"{""autoTranslationMethod"":""ATMS_MT"",""targetLanguages"":[],""autoTranslate"":false,""locApprover"":""""}",bmelmihe,2026-05-21T16:18:59.209Z,DRAFT,China,1066c902-eb00-4a76-a21f-2e3a23cef1cf,CONTENT,85dbe259-664e-4cca-9534-4e0a8cd7d2ae,5,"18e0d124-7b0b-4e16-bd95-b301bbc65393,Travel Booking",FALSE,,,FALSE,,Mon Feb 01 1700 00:00:00 GMT+0000 (Coordinated Universal Time),,Mon Feb 01 1700 00:00:00 GMT+0000 (Coordinated Universal Time),,All Employee Classes,All Job Levels,"Advertising,Amazon Games,Amazon Video and Studios,Amazon Web Services (AWS),Devices & Services,General & Administrative,Music & Podcasts/Wondery,Subsidiaries,Worldwide Amazon Stores",All Location Types,All Employees,,,,,FALSE,,,FALSE,,,Mon Feb 01 1700 00:00:00 GMT+0000 (Coordinated Universal Time),Mon Feb 01 1700 00:00:00 GMT+0000 (Coordinated Universal Time),Mon Feb 01 1700 00:00:00 GMT+0000 (Coordinated Universal Time),,Mon Feb 01 1700 00:00:00 GMT+0000 (Coordinated Universal Time),,,,,Mon Feb 01 1700 00:00:00 GMT+0000 (Coordinated Universal Time),,FALSE,,https://corex.pxt.amazon.dev/all-content/18e0d124-7b0b-4e16-bd95-b301bbc65393/1066c902-eb00-4a76-a21f-2e3a23cef1cf/0.1.0/content
How do I get technical support for the Self-Service Travel Booking Tool? ,0.0.0,steppag,2026-05-22T20:59:38.222Z,en_us,steppag,"steppag,prichhea,bmelmihe",mtsobis,amzn1.abacus.team.looo53floubmzytmswva,"{""autoTranslationMethod"":""ATMS_MT"",""targetLanguages"":[],""autoTranslate"":false,""locApprover"":""""}",steppag,2026-05-22T20:59:38.222Z,DRAFT,Global,95bbc7e7-5b89-4a8a-86ef-8900a48c0b33,CONTENT,85dbe259-664e-4cca-9534-4e0a8cd7d2ae,5,"18e0d124-7b0b-4e16-bd95-b301bbc65393,Travel Booking",FALSE,,,FALSE,,Mon Feb 01 1700 00:00:00 GMT+0000 (Coordinated Universal Time),,Mon Feb 01 1700 00:00:00 GMT+0000 (Coordinated Universal Time),,All Employee Classes,All Job Levels,"Advertising,Amazon Games,Amazon Video and Studios,Amazon Web Services (AWS),Devices & Services,General & Administrative,Music & Podcasts/Wondery,Subsidiaries,Worldwide Amazon Stores",All Location Types,All Employees,,,,,FALSE,,,FALSE,,,Mon Feb 01 1700 00:00:00 GMT+0000 (Coordinated Universal Time),Mon Feb 01 1700 00:00:00 GMT+0000 (Coordinated Universal Time),Mon Feb 01 1700 00:00:00 GMT+0000 (Coordinated Universal Time),,Mon Feb 01 1700 00:00:00 GMT+0000 (Coordinated Universal Time),,,,,Mon Feb 01 1700 00:00:00 GMT+0000 (Coordinated Universal Time),,FALSE,,https://corex.pxt.amazon.dev/all-content/18e0d124-7b0b-4e16-bd95-b301bbc65393/95bbc7e7-5b89-4a8a-86ef-8900a48c0b33/0.0.0/content
Do I need my manager's approval to book travel?,0.5.0,meichunq,2026-05-26T17:27:58.309Z,en_us,steppag,"steppag,bmelmihe,prichhea",mtsobis,amzn1.abacus.team.looo53floubmzytmswva,"{""autoTranslationMethod"":""ATMS_MT"",""targetLanguages"":[],""autoTranslate"":false,""locApprover"":""""}",meichunq,2026-05-26T17:27:58.309Z,DRAFT,Global,534afec7-9bde-47ae-ac52-65d23794e13a,CONTENT,85dbe259-664e-4cca-9534-4e0a8cd7d2ae,5,"18e0d124-7b0b-4e16-bd95-b301bbc65393,Travel Booking",FALSE,,,FALSE,,Mon Feb 01 1700 00:00:00 GMT+0000 (Coordinated Universal Time),,Mon Feb 01 1700 00:00:00 GMT+0000 (Coordinated Universal Time),,All Employee Classes,All Job Levels,"Advertising,Amazon Games,Amazon Video and Studios,Amazon Web Services (AWS),Devices & Services,General & Administrative,Music & Podcasts/Wondery,Subsidiaries,Worldwide Amazon Stores",All Location Types,All Employees,,,,,FALSE,,,FALSE,,,Mon Feb 01 1700 00:00:00 GMT+0000 (Coordinated Universal Time),Mon Feb 01 1700 00:00:00 GMT+0000 (Coordinated Universal Time),Mon Feb 01 1700 00:00:00 GMT+0000 (Coordinated Universal Time),,Mon Feb 01 1700 00:00:00 GMT+0000 (Coordinated Universal Time),,,,,Mon Feb 01 1700 00:00:00 GMT+0000 (Coordinated Universal Time),,FALSE,,https://corex.pxt.amazon.dev/all-content/18e0d124-7b0b-4e16-bd95-b301bbc65393/534afec7-9bde-47ae-ac52-65d23794e13a/0.5.0/content
How Do I Set Up My Travel Profile? (India),0.3.0,bmelmihe,2026-05-21T16:17:17.795Z,en_us,steppag,"steppag,prichhea,bmelmihe",mtsobis,amzn1.abacus.team.looo53floubmzytmswva,"{""autoTranslationMethod"":""ATMS_MT"",""targetLanguages"":[],""autoTranslate"":false,""locApprover"":""""}",bmelmihe,2026-05-21T16:17:17.795Z,DRAFT,India,0903b14a-a56b-48c5-a174-ca26599501be,CONTENT,85dbe259-664e-4cca-9534-4e0a8cd7d2ae,5,"18e0d124-7b0b-4e16-bd95-b301bbc65393,Travel Booking",FALSE,,,FALSE,,Mon Feb 01 1700 00:00:00 GMT+0000 (Coordinated Universal Time),,Mon Feb 01 1700 00:00:00 GMT+0000 (Coordinated Universal Time),,All Employee Classes,All Job Levels,"Advertising,Amazon Games,Amazon Video and Studios,Amazon Web Services (AWS),Devices & Services,General & Administrative,Music & Podcasts/Wondery,Subsidiaries,Worldwide Amazon Stores",All Location Types,All Employees,,,,,FALSE,,,FALSE,,,Mon Feb 01 1700 00:00:00 GMT+0000 (Coordinated Universal Time),Mon Feb 01 1700 00:00:00 GMT+0000 (Coordinated Universal Time),Mon Feb 01 1700 00:00:00 GMT+0000 (Coordinated Universal Time),,Mon Feb 01 1700 00:00:00 GMT+0000 (Coordinated Universal Time),,,,,Mon Feb 01 1700 00:00:00 GMT+0000 (Coordinated Universal Time),,FALSE,,https://corex.pxt.amazon.dev/all-content/18e0d124-7b0b-4e16-bd95-b301bbc65393/0903b14a-a56b-48c5-a174-ca26599501be/0.3.0/content
Do I Need Travel Insurance?,0.0.0,prichhea,2026-05-22T17:31:23.026Z,en_us,bmelmihe,"bmelmihe,steppag,prichhea",mtsobis,amzn1.abacus.team.looo53floubmzytmswva,"{""autoTranslationMethod"":""ATMS_MT"",""targetLanguages"":[],""autoTranslate"":false,""locApprover"":""""}",prichhea,2026-05-22T17:31:23.026Z,DRAFT,Global,7d3c74ad-ee31-4a44-867e-21fdacca6f99,CONTENT,85dbe259-664e-4cca-9534-4e0a8cd7d2ae,5,"18e0d124-7b0b-4e16-bd95-b301bbc65393,Travel Booking",FALSE,,,FALSE,,Mon Feb 01 1700 00:00:00 GMT+0000 (Coordinated Universal Time),,Mon Feb 01 1700 00:00:00 GMT+0000 (Coordinated Universal Time),,All Employee Classes,All Job Levels,All LOBs,All Location Types,All Employees,,,,,FALSE,,,FALSE,,,Mon Feb 01 1700 00:00:00 GMT+0000 (Coordinated Universal Time),Mon Feb 01 1700 00:00:00 GMT+0000 (Coordinated Universal Time),Mon Feb 01 1700 00:00:00 GMT+0000 (Coordinated Universal Time),,Mon Feb 01 1700 00:00:00 GMT+0000 (Coordinated Universal Time),,,,,Mon Feb 01 1700 00:00:00 GMT+0000 (Coordinated Universal Time),,FALSE,,https://corex.pxt.amazon.dev/all-content/18e0d124-7b0b-4e16-bd95-b301bbc65393/7d3c74ad-ee31-4a44-867e-21fdacca6f99/0.0.0/content
Where Can I Locate a Trail Code? ,0.0.0,prichhea,2026-05-22T17:49:36.480Z,en_us,steppag,"steppag,prichhea,bmelmihe",mtsobis,amzn1.abacus.team.looo53floubmzytmswva,"{""autoTranslationMethod"":""ATMS_MT"",""targetLanguages"":[],""autoTranslate"":false,""locApprover"":""""}",prichhea,2026-05-22T17:49:36.480Z,DRAFT,United States,03a549e2-a7b3-4ca8-b065-370383d0eb3c,CONTENT,85dbe259-664e-4cca-9534-4e0a8cd7d2ae,5,"18e0d124-7b0b-4e16-bd95-b301bbc65393,Travel Booking",FALSE,,,FALSE,,Mon Feb 01 1700 00:00:00 GMT+0000 (Coordinated Universal Time),,Mon Feb 01 1700 00:00:00 GMT+0000 (Coordinated Universal Time),,"F - Regular Full Time,H - Regular Part Time - 20 + Hours,I - Intern,J - JV or RC Worker,P - Apprentice,Q - Field Regular Part Time 20-29,R - Regular Reduced Time 30 + Hrs,S - Seasonal/Short-Term,X - Regular Flex Time - < 20 Hrs","L0,L1,L10,L11,L12,L2,L3,L4,L5,L6,L7,L8,L9","Advertising,Amazon Games,Amazon Pharmacy,Amazon Video and Studios,Amazon Web Services (AWS),Celeste,Devices & Services,Fabric,General & Administrative,Music & Podcasts/Wondery,One Medical,Shopbop,Subsidiaries,Worldwide Amazon Stores,Zappos","Corporate,Customer Service,Data Center Location,Onboard Automation (OBA) Location,Operations,Retail Location,Solar or Wind Farms,Virtual Location",All Employees,,,,,FALSE,,,FALSE,,,Mon Feb 01 1700 00:00:00 GMT+0000 (Coordinated Universal Time),Mon Feb 01 1700 00:00:00 GMT+0000 (Coordinated Universal Time),Mon Feb 01 1700 00:00:00 GMT+0000 (Coordinated Universal Time),,Mon Feb 01 1700 00:00:00 GMT+0000 (Coordinated Universal Time),,,,,Mon Feb 01 1700 00:00:00 GMT+0000 (Coordinated Universal Time),,FALSE,,https://corex.pxt.amazon.dev/all-content/18e0d124-7b0b-4e16-bd95-b301bbc65393/03a549e2-a7b3-4ca8-b065-370383d0eb3c/0.0.0/content
Am I Allowed to Book Personal Travel in the Self-Service Travel Booking Tool?,0.0.0,prichhea,2026-05-22T17:55:21.091Z,en_us,steppag,"steppag,prichhea,bmelmihe",mtsobis,amzn1.abacus.team.looo53floubmzytmswva,"{""autoTranslationMethod"":""ATMS_MT"",""targetLanguages"":[],""autoTranslate"":false,""locApprover"":""""}",prichhea,2026-05-22T17:55:21.091Z,DRAFT,Global,ca272654-e5f7-409b-97eb-83c7c074d755,CONTENT,85dbe259-664e-4cca-9534-4e0a8cd7d2ae,5,"18e0d124-7b0b-4e16-bd95-b301bbc65393,Travel Booking",FALSE,,,FALSE,,Mon Feb 01 1700 00:00:00 GMT+0000 (Coordinated Universal Time),,Mon Feb 01 1700 00:00:00 GMT+0000 (Coordinated Universal Time),,All Employee Classes,All Job Levels,All LOBs,All Location Types,All Employees,,,,,FALSE,,,FALSE,,,Mon Feb 01 1700 00:00:00 GMT+0000 (Coordinated Universal Time),Mon Feb 01 1700 00:00:00 GMT+0000 (Coordinated Universal Time),Mon Feb 01 1700 00:00:00 GMT+0000 (Coordinated Universal Time),,Mon Feb 01 1700 00:00:00 GMT+0000 (Coordinated Universal Time),,,,,Mon Feb 01 1700 00:00:00 GMT+0000 (Coordinated Universal Time),,FALSE,,https://corex.pxt.amazon.dev/all-content/18e0d124-7b0b-4e16-bd95-b301bbc65393/ca272654-e5f7-409b-97eb-83c7c074d755/0.0.0/content
Where do I locate Travel Counselor contact information?,0.2.0,steppag,2026-05-22T18:29:47.627Z,en_us,steppag,"steppag,prichhea,bmelmihe",mtsobis,amzn1.abacus.team.looo53floubmzytmswva,"{""autoTranslationMethod"":""ATMS_MT"",""targetLanguages"":[],""autoTranslate"":false,""locApprover"":""""}",steppag,2026-05-22T18:29:47.627Z,DRAFT,Global,12b5f17e-2564-4fa5-91b6-4b6c19727141,CONTENT,85dbe259-664e-4cca-9534-4e0a8cd7d2ae,5,"18e0d124-7b0b-4e16-bd95-b301bbc65393,Travel Booking",FALSE,,,FALSE,,Mon Feb 01 1700 00:00:00 GMT+0000 (Coordinated Universal Time),,Mon Feb 01 1700 00:00:00 GMT+0000 (Coordinated Universal Time),,All Employee Classes,All Job Levels,"Advertising,Amazon Games,Amazon Video and Studios,Amazon Web Services (AWS),Devices & Services,General & Administrative,Music & Podcasts/Wondery,Subsidiaries,Worldwide Amazon Stores",All Location Types,All Employees,,,,,FALSE,,,FALSE,,,Mon Feb 01 1700 00:00:00 GMT+0000 (Coordinated Universal Time),Mon Feb 01 1700 00:00:00 GMT+0000 (Coordinated Universal Time),Mon Feb 01 1700 00:00:00 GMT+0000 (Coordinated Universal Time),,Mon Feb 01 1700 00:00:00 GMT+0000 (Coordinated Universal Time),,,,,Mon Feb 01 1700 00:00:00 GMT+0000 (Coordinated Universal Time),,FALSE,,https://corex.pxt.amazon.dev/all-content/18e0d124-7b0b-4e16-bd95-b301bbc65393/12b5f17e-2564-4fa5-91b6-4b6c19727141/0.2.0/content
How Do I Set Up My Travel Profile? (Regional),0.1.0,bmelmihe,2026-05-21T16:19:28.103Z,en_us,steppag,"steppag,prichhea,bmelmihe",,amzn1.abacus.team.looo53floubmzytmswva,"{""autoTranslationMethod"":""ATMS_MT"",""targetLanguages"":[],""autoTranslate"":false,""locApprover"":""""}",bmelmihe,2026-05-21T16:19:28.103Z,DRAFT,"Bahrain,Brazil,Israel,Jordan,Kenya,Kuwait,Mexico,Saudi Arabia,South Africa,South Korea,Spain,United Arab Emirates",d0a649a4-0375-45cc-afbb-1a62fe2e5716,CONTENT,85dbe259-664e-4cca-9534-4e0a8cd7d2ae,5,"18e0d124-7b0b-4e16-bd95-b301bbc65393,Travel Booking",FALSE,,,FALSE,,Mon Feb 01 1700 00:00:00 GMT+0000 (Coordinated Universal Time),,Mon Feb 01 1700 00:00:00 GMT+0000 (Coordinated Universal Time),,All Employee Classes,All Job Levels,"Advertising,Amazon Games,Amazon Video and Studios,Amazon Web Services (AWS),Devices & Services,General & Administrative,Music & Podcasts/Wondery,Subsidiaries,Worldwide Amazon Stores",All Location Types,All Employees,,,,,FALSE,,,FALSE,,,Mon Feb 01 1700 00:00:00 GMT+0000 (Coordinated Universal Time),Mon Feb 01 1700 00:00:00 GMT+0000 (Coordinated Universal Time),Mon Feb 01 1700 00:00:00 GMT+0000 (Coordinated Universal Time),,Mon Feb 01 1700 00:00:00 GMT+0000 (Coordinated Universal Time),,,,,Mon Feb 01 1700 00:00:00 GMT+0000 (Coordinated Universal Time),,FALSE,,https://corex.pxt.amazon.dev/all-content/18e0d124-7b0b-4e16-bd95-b301bbc65393/d0a649a4-0375-45cc-afbb-1a62fe2e5716/0.1.0/content
What Hotel Accommodations am I Allowed to Book?,0.1.0,bmelmihe,2026-05-21T12:19:51.694Z,en_us,steppag,"steppag,prichhea,bmelmihe",mtsobis,amzn1.abacus.team.looo53floubmzytmswva,"{""autoTranslationMethod"":""ATMS_MT"",""targetLanguages"":[],""autoTranslate"":false,""locApprover"":""""}",bmelmihe,2026-05-21T12:19:51.694Z,DRAFT,Global,72c9d977-6140-4f01-8d82-ba48886704d9,CONTENT,85dbe259-664e-4cca-9534-4e0a8cd7d2ae,5,"18e0d124-7b0b-4e16-bd95-b301bbc65393,Travel Booking",FALSE,,,FALSE,,Mon Feb 01 1700 00:00:00 GMT+0000 (Coordinated Universal Time),,Mon Feb 01 1700 00:00:00 GMT+0000 (Coordinated Universal Time),,All Employee Classes,All Job Levels,"Advertising,Amazon Games,Amazon Video and Studios,Amazon Web Services (AWS),Devices & Services,General & Administrative,Music & Podcasts/Wondery,Subsidiaries,Worldwide Amazon Stores",All Location Types,All Employees,,,,,FALSE,,,FALSE,,,Mon Feb 01 1700 00:00:00 GMT+0000 (Coordinated Universal Time),Mon Feb 01 1700 00:00:00 GMT+0000 (Coordinated Universal Time),Mon Feb 01 1700 00:00:00 GMT+0000 (Coordinated Universal Time),,Mon Feb 01 1700 00:00:00 GMT+0000 (Coordinated Universal Time),,,,,Mon Feb 01 1700 00:00:00 GMT+0000 (Coordinated Universal Time),,FALSE,,https://corex.pxt.amazon.dev/all-content/18e0d124-7b0b-4e16-bd95-b301bbc65393/72c9d977-6140-4f01-8d82-ba48886704d9/0.1.0/content
Why can I not see the Amazon form of payment when booking my flight?,0.0.0,steppag,2026-05-26T17:55:05.326Z,en_us,steppag,"steppag,bmelmihe,prichhea",mtsobis,amzn1.abacus.team.looo53floubmzytmswva,"{""autoTranslationMethod"":""ATMS_MT"",""targetLanguages"":[],""autoTranslate"":false,""locApprover"":""""}",steppag,2026-05-26T17:55:05.326Z,DRAFT,Global,043a0274-aabe-4b8b-be5a-4ebc7922282b,CONTENT,85dbe259-664e-4cca-9534-4e0a8cd7d2ae,5,"18e0d124-7b0b-4e16-bd95-b301bbc65393,Travel Booking",FALSE,,,FALSE,,Mon Feb 01 1700 00:00:00 GMT+0000 (Coordinated Universal Time),,Mon Feb 01 1700 00:00:00 GMT+0000 (Coordinated Universal Time),,All Employee Classes,All Job Levels,"Advertising,Amazon Games,Amazon Video and Studios,Amazon Web Services (AWS),Devices & Services,General & Administrative,Music & Podcasts/Wondery,Subsidiaries,Worldwide Amazon Stores",All Location Types,All Employees,,,,,FALSE,,,FALSE,,,Mon Feb 01 1700 00:00:00 GMT+0000 (Coordinated Universal Time),Mon Feb 01 1700 00:00:00 GMT+0000 (Coordinated Universal Time),Mon Feb 01 1700 00:00:00 GMT+0000 (Coordinated Universal Time),,Mon Feb 01 1700 00:00:00 GMT+0000 (Coordinated Universal Time),,,,,Mon Feb 01 1700 00:00:00 GMT+0000 (Coordinated Universal Time),,FALSE,,https://corex.pxt.amazon.dev/all-content/18e0d124-7b0b-4e16-bd95-b301bbc65393/043a0274-aabe-4b8b-be5a-4ebc7922282b/0.0.0/content
Why am I receiving a new hotel confirmation I did not request?,0.0.0,steppag,2026-05-26T17:35:45.802Z,en_us,steppag,"steppag,bmelmihe,prichhea",mtsobis,amzn1.abacus.team.looo53floubmzytmswva,"{""autoTranslationMethod"":""ATMS_MT"",""targetLanguages"":[],""autoTranslate"":false,""locApprover"":""""}",steppag,2026-05-26T17:35:45.802Z,DRAFT,Global,97a7a52c-c38c-4296-95ad-cb8651afb1f8,CONTENT,85dbe259-664e-4cca-9534-4e0a8cd7d2ae,5,"18e0d124-7b0b-4e16-bd95-b301bbc65393,Travel Booking",FALSE,,,FALSE,,Mon Feb 01 1700 00:00:00 GMT+0000 (Coordinated Universal Time),,Mon Feb 01 1700 00:00:00 GMT+0000 (Coordinated Universal Time),,All Employee Classes,All Job Levels,"Advertising,Amazon Games,Amazon Video and Studios,Amazon Web Services (AWS),Devices & Services,General & Administrative,Music & Podcasts/Wondery,Subsidiaries,Worldwide Amazon Stores",All Location Types,All Employees,,,,,FALSE,,,FALSE,,,Mon Feb 01 1700 00:00:00 GMT+0000 (Coordinated Universal Time),Mon Feb 01 1700 00:00:00 GMT+0000 (Coordinated Universal Time),Mon Feb 01 1700 00:00:00 GMT+0000 (Coordinated Universal Time),,Mon Feb 01 1700 00:00:00 GMT+0000 (Coordinated Universal Time),,,,,Mon Feb 01 1700 00:00:00 GMT+0000 (Coordinated Universal Time),,FALSE,,https://corex.pxt.amazon.dev/all-content/18e0d124-7b0b-4e16-bd95-b301bbc65393/97a7a52c-c38c-4296-95ad-cb8651afb1f8/0.0.0/content
What Flights Am I Allowed to Book?,0.3.0,bmelmihe,2026-05-21T15:57:16.300Z,en_us,steppag,"steppag,bmelmihe,prichhea",mtsobis,amzn1.abacus.team.looo53floubmzytmswva,"{""locApprover"":"""",""autoTranslationMethod"":""ATMS_MT"",""targetLanguages"":[],""autoTranslate"":false}",bmelmihe,2026-05-21T15:57:16.300Z,DRAFT,Global,6146c5df-bd75-4a26-8374-4737c4a7a8ed,CONTENT,85dbe259-664e-4cca-9534-4e0a8cd7d2ae,5,"18e0d124-7b0b-4e16-bd95-b301bbc65393,Travel Booking",FALSE,,,FALSE,,Mon Feb 01 1700 00:00:00 GMT+0000 (Coordinated Universal Time),,Mon Feb 01 1700 00:00:00 GMT+0000 (Coordinated Universal Time),,All Employee Classes,All Job Levels,"Advertising,Amazon Games,Amazon Video and Studios,Amazon Web Services (AWS),Devices & Services,General & Administrative,Music & Podcasts/Wondery,Subsidiaries,Worldwide Amazon Stores",All Location Types,All Employees,,,,,FALSE,,,FALSE,,,Mon Feb 01 1700 00:00:00 GMT+0000 (Coordinated Universal Time),Mon Feb 01 1700 00:00:00 GMT+0000 (Coordinated Universal Time),Mon Feb 01 1700 00:00:00 GMT+0000 (Coordinated Universal Time),,Mon Feb 01 1700 00:00:00 GMT+0000 (Coordinated Universal Time),,,,,Mon Feb 01 1700 00:00:00 GMT+0000 (Coordinated Universal Time),,FALSE,,https://corex.pxt.amazon.dev/all-content/18e0d124-7b0b-4e16-bd95-b301bbc65393/6146c5df-bd75-4a26-8374-4737c4a7a8ed/0.3.0/content
I was charged for a hotel after cancelling my booking,0.0.0,steppag,2026-05-22T02:08:04.224Z,en_us,steppag,"steppag,bmelmihe,heamrich",mtsobis,amzn1.abacus.team.looo53floubmzytmswva,"{""autoTranslationMethod"":""ATMS_MT"",""targetLanguages"":[],""autoTranslate"":false,""locApprover"":""""}",steppag,2026-05-22T02:08:04.224Z,DRAFT,Global,094f3031-efc8-4d58-b35e-8b22ff9ed346,CONTENT,85dbe259-664e-4cca-9534-4e0a8cd7d2ae,5,"18e0d124-7b0b-4e16-bd95-b301bbc65393,Travel Booking",FALSE,,,FALSE,,Mon Feb 01 1700 00:00:00 GMT+0000 (Coordinated Universal Time),,Mon Feb 01 1700 00:00:00 GMT+0000 (Coordinated Universal Time),,All Employee Classes,All Job Levels,"Advertising,Amazon Games,Amazon Video and Studios,Amazon Web Services (AWS),Devices & Services,General & Administrative,Music & Podcasts/Wondery,Subsidiaries,Worldwide Amazon Stores",All Location Types,All Employees,,,,,FALSE,,,FALSE,,,Mon Feb 01 1700 00:00:00 GMT+0000 (Coordinated Universal Time),Mon Feb 01 1700 00:00:00 GMT+0000 (Coordinated Universal Time),Mon Feb 01 1700 00:00:00 GMT+0000 (Coordinated Universal Time),,Mon Feb 01 1700 00:00:00 GMT+0000 (Coordinated Universal Time),,,,,Mon Feb 01 1700 00:00:00 GMT+0000 (Coordinated Universal Time),,FALSE,,https://corex.pxt.amazon.dev/all-content/18e0d124-7b0b-4e16-bd95-b301bbc65393/094f3031-efc8-4d58-b35e-8b22ff9ed346/0.0.0/content
How Do I Cancel or Modify a Hotel Booking? (Regional),0.9.0,steppag,2026-05-27T20:42:00.372Z,en_us,steppag,"steppag,prichhea,bmelmihe",mtsobis,amzn1.abacus.team.looo53floubmzytmswva,"{""autoTranslationMethod"":""ATMS_MT"",""targetLanguages"":[],""autoTranslate"":false,""locApprover"":""""}",steppag,2026-05-27T20:42:00.372Z,DRAFT,"Bahrain,Brazil,China,Egypt,India,Israel,Japan,Jordan,Kenya,Kuwait,Mexico,Saudi Arabia,South Africa,South Korea,Spain,United Arab Emirates",289ab19b-8d21-408a-8aae-8f019b2130a3,CONTENT,85dbe259-664e-4cca-9534-4e0a8cd7d2ae,5,"18e0d124-7b0b-4e16-bd95-b301bbc65393,Travel Booking",FALSE,,,FALSE,,Mon Feb 01 1700 00:00:00 GMT+0000 (Coordinated Universal Time),,Mon Feb 01 1700 00:00:00 GMT+0000 (Coordinated Universal Time),,All Employee Classes,All Job Levels,"Advertising,Amazon Games,Amazon Video and Studios,Amazon Web Services (AWS),Devices & Services,General & Administrative,Music & Podcasts/Wondery,Subsidiaries,Worldwide Amazon Stores",All Location Types,All Employees,,,,,FALSE,,,FALSE,,,Mon Feb 01 1700 00:00:00 GMT+0000 (Coordinated Universal Time),Mon Feb 01 1700 00:00:00 GMT+0000 (Coordinated Universal Time),Mon Feb 01 1700 00:00:00 GMT+0000 (Coordinated Universal Time),,Mon Feb 01 1700 00:00:00 GMT+0000 (Coordinated Universal Time),,,,,Mon Feb 01 1700 00:00:00 GMT+0000 (Coordinated Universal Time),,FALSE,,https://corex.pxt.amazon.dev/all-content/18e0d124-7b0b-4e16-bd95-b301bbc65393/289ab19b-8d21-408a-8aae-8f019b2130a3/0.9.0/content
How Do I Cancel or Modify a Hotel Booking? (Global Access),0.3.0,steppag,2026-05-27T20:40:42.796Z,en_us,steppag,"steppag,prichhea,bmelmihe",mtsobis,amzn1.abacus.team.looo53floubmzytmswva,"{""autoTranslationMethod"":""ATMS_MT"",""targetLanguages"":[],""autoTranslate"":false,""locApprover"":""""}",steppag,2026-05-27T20:40:42.796Z,DRAFT,"Argentina,Australia,Austria,Belgium,Canada,Chile,Colombia,Costa Rica,Croatia,Czechia,Denmark,Estonia,Finland,France,Germany,Greece,Hong Kong,Hungary,Indonesia,Ireland,Italy,Luxembourg,Malaysia,Mauritius,Morocco,Netherlands,New Zealand,Nigeria,Norway,Peru,Philippines,Poland,Portugal,Puerto Rico,Romania,Serbia,Singapore,Slovakia,Sweden,Switzerland,Taiwan,Thailand,United Kingdom,United States,Uruguay,Viet Nam",29548b53-77d9-4269-8e99-9f28ddb25979,CONTENT,85dbe259-664e-4cca-9534-4e0a8cd7d2ae,5,"18e0d124-7b0b-4e16-bd95-b301bbc65393,Travel Booking",FALSE,,,FALSE,,Mon Feb 01 1700 00:00:00 GMT+0000 (Coordinated Universal Time),,Mon Feb 01 1700 00:00:00 GMT+0000 (Coordinated Universal Time),,All Employee Classes,All Job Levels,"Advertising,Amazon Games,Amazon Video and Studios,Amazon Web Services (AWS),Devices & Services,General & Administrative,Music & Podcasts/Wondery,Subsidiaries,Worldwide Amazon Stores",All Location Types,All Employees,,,,,FALSE,,,FALSE,,,Mon Feb 01 1700 00:00:00 GMT+0000 (Coordinated Universal Time),Mon Feb 01 1700 00:00:00 GMT+0000 (Coordinated Universal Time),Mon Feb 01 1700 00:00:00 GMT+0000 (Coordinated Universal Time),,Mon Feb 01 1700 00:00:00 GMT+0000 (Coordinated Universal Time),,,,,Mon Feb 01 1700 00:00:00 GMT+0000 (Coordinated Universal Time),,FALSE,,https://corex.pxt.amazon.dev/all-content/18e0d124-7b0b-4e16-bd95-b301bbc65393/29548b53-77d9-4269-8e99-9f28ddb25979/0.3.0/content
What Expenses Are Reimbursable? - China,0.0.0,alisonso,2026-05-21T19:17:46.902Z,en_us,alisonso,"alisonso,portzh",,amzn1.abacus.team.looo53floubmzytmswva,"{""autoTranslationMethod"":""ATMS_MT"",""targetLanguages"":[],""autoTranslate"":false,""locApprover"":""""}",alisonso,2026-05-21T19:17:46.902Z,DRAFT,China,5dc3eba9-1df1-4ba1-9569-87c5f249d1b6,CONTENT,85dbe259-664e-4cca-9534-4e0a8cd7d2ae,5,"cbad4489-6832-4289-af19-b437ec714f77,Employee Expense,Expense Reimbursement",FALSE,,,FALSE,,Mon Feb 01 1700 00:00:00 GMT+0000 (Coordinated Universal Time),,Mon Feb 01 1700 00:00:00 GMT+0000 (Coordinated Universal Time),,F - Regular Full Time,"All Job Levels,No Value (Blank in AEM)","All LOBs,No Value (Blank in AEM)",All Location Types,"All Employees,No Value (Blank in AEM)",,,,,FALSE,,,FALSE,,,Mon Feb 01 1700 00:00:00 GMT+0000 (Coordinated Universal Time),Mon Feb 01 1700 00:00:00 GMT+0000 (Coordinated Universal Time),Mon Feb 01 1700 00:00:00 GMT+0000 (Coordinated Universal Time),,Mon Feb 01 1700 00:00:00 GMT+0000 (Coordinated Universal Time),,,,,Mon Feb 01 1700 00:00:00 GMT+0000 (Coordinated Universal Time),,FALSE,,https://corex.pxt.amazon.dev/all-content/cbad4489-6832-4289-af19-b437ec714f77/5dc3eba9-1df1-4ba1-9569-87c5f249d1b6/0.0.0/content
What Expenses Are Reimbursable? - India,0.2.0,alisonso,2026-05-21T19:54:57.005Z,en_us,alisonso,"alisonso,portzh",,amzn1.abacus.team.looo53floubmzytmswva,"{""autoTranslationMethod"":""ATMS_MT"",""targetLanguages"":[],""autoTranslate"":false,""locApprover"":""""}",alisonso,2026-05-21T19:54:57.005Z,DRAFT,India,70dfa225-0854-47db-95e0-ded3259e1518,CONTENT,85dbe259-664e-4cca-9534-4e0a8cd7d2ae,5,"cbad4489-6832-4289-af19-b437ec714f77,Employee Expense,Expense Reimbursement",FALSE,,,FALSE,,Mon Feb 01 1700 00:00:00 GMT+0000 (Coordinated Universal Time),,Mon Feb 01 1700 00:00:00 GMT+0000 (Coordinated Universal Time),,F - Regular Full Time,"All Job Levels,No Value (Blank in AEM)","All LOBs,No Value (Blank in AEM)",All Location Types,"All Employees,No Value (Blank in AEM)",,,,,FALSE,,,FALSE,,,Mon Feb 01 1700 00:00:00 GMT+0000 (Coordinated Universal Time),Mon Feb 01 1700 00:00:00 GMT+0000 (Coordinated Universal Time),Mon Feb 01 1700 00:00:00 GMT+0000 (Coordinated Universal Time),,Mon Feb 01 1700 00:00:00 GMT+0000 (Coordinated Universal Time),,,,,Mon Feb 01 1700 00:00:00 GMT+0000 (Coordinated Universal Time),,FALSE,,https://corex.pxt.amazon.dev/all-content/cbad4489-6832-4289-af19-b437ec714f77/70dfa225-0854-47db-95e0-ded3259e1518/0.2.0/content
What Expenses Are Reimbursable? - Global-ish,0.2.0,alisonso,2026-05-21T21:54:52.214Z,en_us,alisonso,"alisonso,portzh",,amzn1.abacus.team.looo53floubmzytmswva,"{""autoTranslationMethod"":""ATMS_MT"",""targetLanguages"":[],""autoTranslate"":false,""locApprover"":""""}",alisonso,2026-05-21T21:54:52.214Z,DRAFT,"Africa,Australia,Austria,Bangladesh,Belgium,Brunei Darussalam,Cambodia,Croatia,Czechia,Denmark,Estonia,Finland,France,Greece,Hong Kong,Hungary,Indonesia,Ireland,Italy,Japan,Lao People's Democratic Republic,LATAM,Luxembourg,Malaysia,Middle East,Myanmar,Netherlands,New Zealand,North America,Norway,Pakistan,Philippines,Poland,Portugal,Romania,Russia,Serbia,Singapore,Slovakia,South Korea,Spain,Sri Lanka,Sweden,Taiwan,Thailand,TĚ_rkiye,Ukraine,United Kingdom,Viet Nam",2f61b560-d323-4e34-8bf1-1e871017c5a8,CONTENT,85dbe259-664e-4cca-9534-4e0a8cd7d2ae,5,"cbad4489-6832-4289-af19-b437ec714f77,Employee Expense,Expense Reimbursement",FALSE,,,FALSE,,Mon Feb 01 1700 00:00:00 GMT+0000 (Coordinated Universal Time),,Mon Feb 01 1700 00:00:00 GMT+0000 (Coordinated Universal Time),,F - Regular Full Time,"All Job Levels,No Value (Blank in AEM)","All LOBs,No Value (Blank in AEM)",All Location Types,"All Employees,No Value (Blank in AEM)",,,,,FALSE,,,FALSE,,,Mon Feb 01 1700 00:00:00 GMT+0000 (Coordinated Universal Time),Mon Feb 01 1700 00:00:00 GMT+0000 (Coordinated Universal Time),Mon Feb 01 1700 00:00:00 GMT+0000 (Coordinated Universal Time),,Mon Feb 01 1700 00:00:00 GMT+0000 (Coordinated Universal Time),,,,,Mon Feb 01 1700 00:00:00 GMT+0000 (Coordinated Universal Time),,FALSE,,https://corex.pxt.amazon.dev/all-content/cbad4489-6832-4289-af19-b437ec714f77/2f61b560-d323-4e34-8bf1-1e871017c5a8/0.2.0/content
What Is the Deadline for Submitting Expenses? - Global,0.1.0,alisonso,2026-05-21T21:51:54.443Z,en_us,alisonso,"alisonso,portzh",,amzn1.abacus.team.looo53floubmzytmswva,"{""autoTranslationMethod"":""ATMS_MT"",""targetLanguages"":[],""autoTranslate"":false,""locApprover"":""""}",alisonso,2026-05-21T21:51:54.443Z,DRAFT,Global,c7987f4b-4444-4bf5-91d9-0fd54cd901d4,CONTENT,85dbe259-664e-4cca-9534-4e0a8cd7d2ae,5,"007a9898-5e2d-448a-af2a-0a849418d1a8,Expense Reimbursement",FALSE,,,FALSE,,Mon Feb 01 1700 00:00:00 GMT+0000 (Coordinated Universal Time),,Mon Feb 01 1700 00:00:00 GMT+0000 (Coordinated Universal Time),,"All Employee Classes,No Value (Blank in AEM)","All Job Levels,No Value (Blank in AEM)","All LOBs,No Value (Blank in AEM)","All Location Types,No Value (Blank in AEM)","All Employees,No Value (Blank in AEM)",,,,,FALSE,,,FALSE,,,Mon Feb 01 1700 00:00:00 GMT+0000 (Coordinated Universal Time),Mon Feb 01 1700 00:00:00 GMT+0000 (Coordinated Universal Time),Mon Feb 01 1700 00:00:00 GMT+0000 (Coordinated Universal Time),,Mon Feb 01 1700 00:00:00 GMT+0000 (Coordinated Universal Time),,,,,Mon Feb 01 1700 00:00:00 GMT+0000 (Coordinated Universal Time),,FALSE,,https://corex.pxt.amazon.dev/all-content/007a9898-5e2d-448a-af2a-0a849418d1a8/c7987f4b-4444-4bf5-91d9-0fd54cd901d4/0.1.0/content
How Do I Submit an Expense Report? - Global,0.3.0,alisonso,2026-05-28T23:45:12.978Z,en_us,alisonso,"alisonso,portzh",,amzn1.abacus.team.looo53floubmzytmswva,"{""autoTranslationMethod"":""ATMS_MT"",""targetLanguages"":[],""autoTranslate"":false,""locApprover"":""""}",alisonso,2026-05-28T23:45:12.978Z,DRAFT,Global,7cd776d3-dc3d-4fce-b69e-b5800f8e3c07,CONTENT,85dbe259-664e-4cca-9534-4e0a8cd7d2ae,5,"b93be029-12c8-4820-afff-017ec2af7748,Expense System",FALSE,,,FALSE,,Mon Feb 01 1700 00:00:00 GMT+0000 (Coordinated Universal Time),,Mon Feb 01 1700 00:00:00 GMT+0000 (Coordinated Universal Time),,"All Employee Classes,No Value (Blank in AEM)","All Job Levels,No Value (Blank in AEM)","All LOBs,No Value (Blank in AEM)","All Location Types,No Value (Blank in AEM)","All Employees,No Value (Blank in AEM)",,,,,FALSE,,,FALSE,,,Mon Feb 01 1700 00:00:00 GMT+0000 (Coordinated Universal Time),Mon Feb 01 1700 00:00:00 GMT+0000 (Coordinated Universal Time),Mon Feb 01 1700 00:00:00 GMT+0000 (Coordinated Universal Time),,Mon Feb 01 1700 00:00:00 GMT+0000 (Coordinated Universal Time),,,,,Mon Feb 01 1700 00:00:00 GMT+0000 (Coordinated Universal Time),,FALSE,,https://corex.pxt.amazon.dev/all-content/b93be029-12c8-4820-afff-017ec2af7748/7cd776d3-dc3d-4fce-b69e-b5800f8e3c07/0.3.0/content
What Expenses Are Reimbursable? - Switzerland,0.1.0,alisonso,2026-05-21T20:02:09.902Z,en_us,alisonso,"alisonso,portzh",,amzn1.abacus.team.looo53floubmzytmswva,"{""autoTranslationMethod"":""ATMS_MT"",""targetLanguages"":[],""autoTranslate"":false,""locApprover"":""""}",alisonso,2026-05-21T20:02:09.902Z,DRAFT,Switzerland,1da0befd-6bc7-4ce1-a1a9-7707dc3c7a5c,CONTENT,85dbe259-664e-4cca-9534-4e0a8cd7d2ae,5,"cbad4489-6832-4289-af19-b437ec714f77,Employee Expense,Expense Reimbursement",FALSE,,,FALSE,,Mon Feb 01 1700 00:00:00 GMT+0000 (Coordinated Universal Time),,Mon Feb 01 1700 00:00:00 GMT+0000 (Coordinated Universal Time),,F - Regular Full Time,"All Job Levels,No Value (Blank in AEM)","All LOBs,No Value (Blank in AEM)",All Location Types,"All Employees,No Value (Blank in AEM)",,,,,FALSE,,,FALSE,,,Mon Feb 01 1700 00:00:00 GMT+0000 (Coordinated Universal Time),Mon Feb 01 1700 00:00:00 GMT+0000 (Coordinated Universal Time),Mon Feb 01 1700 00:00:00 GMT+0000 (Coordinated Universal Time),,Mon Feb 01 1700 00:00:00 GMT+0000 (Coordinated Universal Time),,,,,Mon Feb 01 1700 00:00:00 GMT+0000 (Coordinated Universal Time),,FALSE,,https://corex.pxt.amazon.dev/all-content/cbad4489-6832-4289-af19-b437ec714f77/1da0befd-6bc7-4ce1-a1a9-7707dc3c7a5c/0.1.0/content
What Expenses Are Reimbursable? - Non-Amazonians,0.2.0,alisonso,2026-05-21T22:48:55.558Z,en_us,alisonso,"alisonso,portzh",,amzn1.abacus.team.looo53floubmzytmswva,"{""locApprover"":"""",""autoTranslationMethod"":""ATMS_MT"",""targetLanguages"":[],""autoTranslate"":false}",alisonso,2026-05-21T22:48:55.558Z,DRAFT,Global,cbfc28e5-8785-4de9-8e9d-1ff14afc8ed7,CONTENT,85dbe259-664e-4cca-9534-4e0a8cd7d2ae,5,"cbad4489-6832-4289-af19-b437ec714f77,Employee Expense,Expense Reimbursement",FALSE,,,FALSE,,Mon Feb 01 1700 00:00:00 GMT+0000 (Coordinated Universal Time),,Mon Feb 01 1700 00:00:00 GMT+0000 (Coordinated Universal Time),,"B - Fixed Term Contractor - EU,C - Third Party Consultant,G - Agency or Temp,I - Intern,J - JV or RC Worker,M - Internal Staffing Solutions,N - Trainee European,P - Apprentice,Q - Field Regular Part Time 20-29,R - Regular Reduced Time 30 + Hrs,S - Seasonal/Short-Term,T - Onsite Vendor,V - Offsite Vendor,W - 3P Onsite Worker,X - Regular Flex Time - < 20 Hrs","All Job Levels,No Value (Blank in AEM)","All LOBs,No Value (Blank in AEM)",All Location Types,"All Employees,No Value (Blank in AEM)",,,,,FALSE,,,FALSE,,,Mon Feb 01 1700 00:00:00 GMT+0000 (Coordinated Universal Time),Mon Feb 01 1700 00:00:00 GMT+0000 (Coordinated Universal Time),Mon Feb 01 1700 00:00:00 GMT+0000 (Coordinated Universal Time),,Mon Feb 01 1700 00:00:00 GMT+0000 (Coordinated Universal Time),,,,,Mon Feb 01 1700 00:00:00 GMT+0000 (Coordinated Universal Time),,FALSE,,https://corex.pxt.amazon.dev/all-content/cbad4489-6832-4289-af19-b437ec714f77/cbfc28e5-8785-4de9-8e9d-1ff14afc8ed7/0.2.0/content
My Expense Report Was Rejected. What Do I Do Now? - Global,0.2.0,alisonso,2026-05-27T17:08:54.376Z,en_us,alisonso,"alisonso,portzh",,amzn1.abacus.team.looo53floubmzytmswva,"{""autoTranslationMethod"":""ATMS_MT"",""targetLanguages"":[],""autoTranslate"":false,""locApprover"":""""}",alisonso,2026-05-27T17:08:54.376Z,DRAFT,Global,81b4a939-5ff3-432a-be7a-9cc5f492dc11,CONTENT,85dbe259-664e-4cca-9534-4e0a8cd7d2ae,5,"007a9898-5e2d-448a-af2a-0a849418d1a8,Expense Reimbursement,Expense System",FALSE,,,FALSE,,Mon Feb 01 1700 00:00:00 GMT+0000 (Coordinated Universal Time),,Mon Feb 01 1700 00:00:00 GMT+0000 (Coordinated Universal Time),,"All Employee Classes,No Value (Blank in AEM)","All Job Levels,No Value (Blank in AEM)","All LOBs,No Value (Blank in AEM)","All Location Types,No Value (Blank in AEM)","All Employees,No Value (Blank in AEM)",,,,,FALSE,,,FALSE,,,Mon Feb 01 1700 00:00:00 GMT+0000 (Coordinated Universal Time),Mon Feb 01 1700 00:00:00 GMT+0000 (Coordinated Universal Time),Mon Feb 01 1700 00:00:00 GMT+0000 (Coordinated Universal Time),,Mon Feb 01 1700 00:00:00 GMT+0000 (Coordinated Universal Time),,,,,Mon Feb 01 1700 00:00:00 GMT+0000 (Coordinated Universal Time),,FALSE,,https://corex.pxt.amazon.dev/all-content/007a9898-5e2d-448a-af2a-0a849418d1a8/81b4a939-5ff3-432a-be7a-9cc5f492dc11/0.2.0/content
How Do I Find the Right Expense Type? - Global,0.4.0,alisonso,2026-05-29T19:02:10.214Z,en_us,alisonso,"alisonso,portzh",,amzn1.abacus.team.looo53floubmzytmswva,"{""autoTranslationMethod"":""ATMS_MT"",""targetLanguages"":[],""autoTranslate"":false,""locApprover"":""""}",alisonso,2026-05-29T19:02:10.214Z,DRAFT,Global,2ce1871c-51f2-4fc1-ad25-b6b23119e190,CONTENT,85dbe259-664e-4cca-9534-4e0a8cd7d2ae,5,"b93be029-12c8-4820-afff-017ec2af7748,Expense System",FALSE,,,FALSE,,Mon Feb 01 1700 00:00:00 GMT+0000 (Coordinated Universal Time),,Mon Feb 01 1700 00:00:00 GMT+0000 (Coordinated Universal Time),,"All Employee Classes,No Value (Blank in AEM)","All Job Levels,No Value (Blank in AEM)","All LOBs,No Value (Blank in AEM)","All Location Types,No Value (Blank in AEM)","All Employees,No Value (Blank in AEM)",,,,,FALSE,,,FALSE,,,Mon Feb 01 1700 00:00:00 GMT+0000 (Coordinated Universal Time),Mon Feb 01 1700 00:00:00 GMT+0000 (Coordinated Universal Time),Mon Feb 01 1700 00:00:00 GMT+0000 (Coordinated Universal Time),,Mon Feb 01 1700 00:00:00 GMT+0000 (Coordinated Universal Time),,,,,Mon Feb 01 1700 00:00:00 GMT+0000 (Coordinated Universal Time),,FALSE,,https://corex.pxt.amazon.dev/all-content/b93be029-12c8-4820-afff-017ec2af7748/2ce1871c-51f2-4fc1-ad25-b6b23119e190/0.4.0/content
What Expenses Are Reimbursable? - Germany,0.1.0,alisonso,2026-05-21T19:26:36.875Z,en_us,alisonso,"alisonso,portzh",,amzn1.abacus.team.looo53floubmzytmswva,"{""autoTranslationMethod"":""ATMS_MT"",""targetLanguages"":[],""autoTranslate"":false,""locApprover"":""""}",alisonso,2026-05-21T19:26:36.875Z,DRAFT,Germany,3bebdb8f-248e-404f-b4db-f3eeea3564ce,CONTENT,85dbe259-664e-4cca-9534-4e0a8cd7d2ae,5,"cbad4489-6832-4289-af19-b437ec714f77,Employee Expense,Expense Reimbursement",FALSE,,,FALSE,,Mon Feb 01 1700 00:00:00 GMT+0000 (Coordinated Universal Time),,Mon Feb 01 1700 00:00:00 GMT+0000 (Coordinated Universal Time),,F - Regular Full Time,"All Job Levels,No Value (Blank in AEM)","All LOBs,No Value (Blank in AEM)",All Location Types,"All Employees,No Value (Blank in AEM)",,,,,FALSE,,,FALSE,,,Mon Feb 01 1700 00:00:00 GMT+0000 (Coordinated Universal Time),Mon Feb 01 1700 00:00:00 GMT+0000 (Coordinated Universal Time),Mon Feb 01 1700 00:00:00 GMT+0000 (Coordinated Universal Time),,Mon Feb 01 1700 00:00:00 GMT+0000 (Coordinated Universal Time),,,,,Mon Feb 01 1700 00:00:00 GMT+0000 (Coordinated Universal Time),,FALSE,,https://corex.pxt.amazon.dev/all-content/cbad4489-6832-4289-af19-b437ec714f77/3bebdb8f-248e-404f-b4db-f3eeea3564ce/0.1.0/content
How Long Does It Take to Get Reimbursed? - Global (Copy),0.1.0,alisonso,2026-05-21T22:57:29.251Z,en_us,alisonso,"alisonso,portzh",,amzn1.abacus.team.looo53floubmzytmswva,"{""autoTranslationMethod"":""ATMS_MT"",""targetLanguages"":[],""autoTranslate"":false,""locApprover"":""""}",alisonso,2026-05-21T22:57:29.251Z,DRAFT,Global,57d2643d-ec89-4f9d-bb00-58f4abef30fe,CONTENT,85dbe259-664e-4cca-9534-4e0a8cd7d2ae,5,"007a9898-5e2d-448a-af2a-0a849418d1a8,Expense Reimbursement,Expense System",FALSE,,,FALSE,,Mon Feb 01 1700 00:00:00 GMT+0000 (Coordinated Universal Time),,Mon Feb 01 1700 00:00:00 GMT+0000 (Coordinated Universal Time),,"All Employee Classes,No Value (Blank in AEM)","All Job Levels,No Value (Blank in AEM)","All LOBs,No Value (Blank in AEM)","All Location Types,No Value (Blank in AEM)","All Employees,No Value (Blank in AEM)",,,,,FALSE,,,FALSE,,,Mon Feb 01 1700 00:00:00 GMT+0000 (Coordinated Universal Time),Mon Feb 01 1700 00:00:00 GMT+0000 (Coordinated Universal Time),Mon Feb 01 1700 00:00:00 GMT+0000 (Coordinated Universal Time),,Mon Feb 01 1700 00:00:00 GMT+0000 (Coordinated Universal Time),,,,,Mon Feb 01 1700 00:00:00 GMT+0000 (Coordinated Universal Time),,FALSE,,https://corex.pxt.amazon.dev/all-content/007a9898-5e2d-448a-af2a-0a849418d1a8/57d2643d-ec89-4f9d-bb00-58f4abef30fe/0.1.0/content
Are Meals Covered During Business Travel? - Global,0.2.0,alisonso,2026-05-28T16:52:50.133Z,en_us,alisonso,"alisonso,portzh",,amzn1.abacus.team.looo53floubmzytmswva,"{""autoTranslationMethod"":""ATMS_MT"",""targetLanguages"":[],""autoTranslate"":false,""locApprover"":""""}",alisonso,2026-05-28T16:52:50.133Z,DRAFT,Global,2e074e68-3a67-404e-b05c-98d7965f2d79,CONTENT,85dbe259-664e-4cca-9534-4e0a8cd7d2ae,5,"007a9898-5e2d-448a-af2a-0a849418d1a8,Expense Reimbursement",FALSE,,,FALSE,,Mon Feb 01 1700 00:00:00 GMT+0000 (Coordinated Universal Time),,Mon Feb 01 1700 00:00:00 GMT+0000 (Coordinated Universal Time),,"All Employee Classes,No Value (Blank in AEM)","All Job Levels,No Value (Blank in AEM)","All LOBs,No Value (Blank in AEM)","All Location Types,No Value (Blank in AEM)","All Employees,No Value (Blank in AEM)",,,,,FALSE,,,FALSE,,,Mon Feb 01 1700 00:00:00 GMT+0000 (Coordinated Universal Time),Mon Feb 01 1700 00:00:00 GMT+0000 (Coordinated Universal Time),Mon Feb 01 1700 00:00:00 GMT+0000 (Coordinated Universal Time),,Mon Feb 01 1700 00:00:00 GMT+0000 (Coordinated Universal Time),,,,,Mon Feb 01 1700 00:00:00 GMT+0000 (Coordinated Universal Time),,FALSE,,https://corex.pxt.amazon.dev/all-content/007a9898-5e2d-448a-af2a-0a849418d1a8/2e074e68-3a67-404e-b05c-98d7965f2d79/0.2.0/content
Expense Types Table (Emburse),0.3.0,alisonso,2026-05-29T18:58:10.010Z,en,portzh,"portzh,alisonso",,amzn1.abacus.team.looo53floubmzytmswva,"{""autoTranslationMethod"":""ATMS_MT"",""targetLanguages"":[],""autoTranslate"":false,""locApprover"":""""}",alisonso,2026-05-29T18:58:10.010Z,DRAFT,Global,d8f9f890-1075-49ac-ad5c-aa98aea89312,CONTENT,85dbe259-664e-4cca-9534-4e0a8cd7d2ae,5,"b93be029-12c8-4820-afff-017ec2af7748,Expense System",FALSE,,,FALSE,,Mon Feb 01 1700 00:00:00 GMT+0000 (Coordinated Universal Time),,Mon Feb 01 1700 00:00:00 GMT+0000 (Coordinated Universal Time),,"All Employee Classes,No Value (Blank in AEM)","All Job Levels,No Value (Blank in AEM)","All LOBs,No Value (Blank in AEM)","All Location Types,No Value (Blank in AEM)","All Employees,No Value (Blank in AEM)",,,,,FALSE,,,FALSE,,,Mon Feb 01 1700 00:00:00 GMT+0000 (Coordinated Universal Time),Mon Feb 01 1700 00:00:00 GMT+0000 (Coordinated Universal Time),Mon Feb 01 1700 00:00:00 GMT+0000 (Coordinated Universal Time),,Mon Feb 01 1700 00:00:00 GMT+0000 (Coordinated Universal Time),,,,,Mon Feb 01 1700 00:00:00 GMT+0000 (Coordinated Universal Time),,FALSE,,https://corex.pxt.amazon.dev/all-content/b93be029-12c8-4820-afff-017ec2af7748/d8f9f890-1075-49ac-ad5c-aa98aea89312/0.3.0/content
Are Mobile Phone Expenses Reimbursable? - Global,0.2.0,alisonso,2026-05-28T16:51:22.591Z,en_us,alisonso,"alisonso,portzh",,amzn1.abacus.team.looo53floubmzytmswva,"{""autoTranslationMethod"":""ATMS_MT"",""targetLanguages"":[],""autoTranslate"":false,""locApprover"":""""}",alisonso,2026-05-28T16:51:22.591Z,DRAFT,Global,e832b61c-bda3-4e9d-adff-0902f36861ea,CONTENT,85dbe259-664e-4cca-9534-4e0a8cd7d2ae,5,"007a9898-5e2d-448a-af2a-0a849418d1a8,Expense Reimbursement",FALSE,,,FALSE,,Mon Feb 01 1700 00:00:00 GMT+0000 (Coordinated Universal Time),,Mon Feb 01 1700 00:00:00 GMT+0000 (Coordinated Universal Time),,"All Employee Classes,No Value (Blank in AEM)","All Job Levels,No Value (Blank in AEM)","All LOBs,No Value (Blank in AEM)","All Location Types,No Value (Blank in AEM)","All Employees,No Value (Blank in AEM)",,,,,FALSE,,,FALSE,,,Mon Feb 01 1700 00:00:00 GMT+0000 (Coordinated Universal Time),Mon Feb 01 1700 00:00:00 GMT+0000 (Coordinated Universal Time),Mon Feb 01 1700 00:00:00 GMT+0000 (Coordinated Universal Time),,Mon Feb 01 1700 00:00:00 GMT+0000 (Coordinated Universal Time),,,,,Mon Feb 01 1700 00:00:00 GMT+0000 (Coordinated Universal Time),,FALSE,,https://corex.pxt.amazon.dev/all-content/007a9898-5e2d-448a-af2a-0a849418d1a8/e832b61c-bda3-4e9d-adff-0902f36861ea/0.2.0/content
How Do I Get Support for My Expense Report? - Global,0.5.0,alisonso,2026-05-27T16:41:02.812Z,en_us,alisonso,"alisonso,portzh",,amzn1.abacus.team.looo53floubmzytmswva,"{""autoTranslationMethod"":""ATMS_MT"",""targetLanguages"":[],""autoTranslate"":false,""locApprover"":""""}",alisonso,2026-05-27T16:41:02.812Z,DRAFT,Global,cd2c1ca1-fbe5-4b9e-a384-9c3fd4dd3daa,CONTENT,85dbe259-664e-4cca-9534-4e0a8cd7d2ae,5,"b93be029-12c8-4820-afff-017ec2af7748,Expense System",FALSE,,,FALSE,,Mon Feb 01 1700 00:00:00 GMT+0000 (Coordinated Universal Time),,Mon Feb 01 1700 00:00:00 GMT+0000 (Coordinated Universal Time),,"All Employee Classes,No Value (Blank in AEM)","All Job Levels,No Value (Blank in AEM)","All LOBs,No Value (Blank in AEM)","All Location Types,No Value (Blank in AEM)","All Employees,No Value (Blank in AEM)",,,,,FALSE,,,FALSE,,,Mon Feb 01 1700 00:00:00 GMT+0000 (Coordinated Universal Time),Mon Feb 01 1700 00:00:00 GMT+0000 (Coordinated Universal Time),Mon Feb 01 1700 00:00:00 GMT+0000 (Coordinated Universal Time),,Mon Feb 01 1700 00:00:00 GMT+0000 (Coordinated Universal Time),,,,,Mon Feb 01 1700 00:00:00 GMT+0000 (Coordinated Universal Time),,FALSE,,https://corex.pxt.amazon.dev/all-content/b93be029-12c8-4820-afff-017ec2af7748/cd2c1ca1-fbe5-4b9e-a384-9c3fd4dd3daa/0.5.0/content
What Should I Do if I Lost a Receipt? - Global,0.5.0,alisonso,2026-05-27T20:55:27.533Z,en_us,alisonso,"alisonso,portzh",,amzn1.abacus.team.looo53floubmzytmswva,"{""autoTranslationMethod"":""ATMS_MT"",""targetLanguages"":[],""autoTranslate"":false,""locApprover"":""""}",alisonso,2026-05-27T20:55:27.533Z,DRAFT,Global,1ad8360d-d279-4f6e-a17b-fc014df462f4,CONTENT,85dbe259-664e-4cca-9534-4e0a8cd7d2ae,5,"b93be029-12c8-4820-afff-017ec2af7748,Expense System",FALSE,,,FALSE,,Mon Feb 01 1700 00:00:00 GMT+0000 (Coordinated Universal Time),,Mon Feb 01 1700 00:00:00 GMT+0000 (Coordinated Universal Time),,"All Employee Classes,No Value (Blank in AEM)","All Job Levels,No Value (Blank in AEM)","All LOBs,No Value (Blank in AEM)","All Location Types,No Value (Blank in AEM)","All Employees,No Value (Blank in AEM)",,,,,FALSE,,,FALSE,,,Mon Feb 01 1700 00:00:00 GMT+0000 (Coordinated Universal Time),Mon Feb 01 1700 00:00:00 GMT+0000 (Coordinated Universal Time),Mon Feb 01 1700 00:00:00 GMT+0000 (Coordinated Universal Time),,Mon Feb 01 1700 00:00:00 GMT+0000 (Coordinated Universal Time),,,,,Mon Feb 01 1700 00:00:00 GMT+0000 (Coordinated Universal Time),,FALSE,,https://corex.pxt.amazon.dev/all-content/b93be029-12c8-4820-afff-017ec2af7748/1ad8360d-d279-4f6e-a17b-fc014df462f4/0.5.0/content
I Accidentally Used My Corporate Card for a Personal Expense. What Should I Do? - Global,0.5.0,alisonso,2026-05-29T12:16:00.176Z,en_us,alisonso,"alisonso,portzh",,amzn1.abacus.team.looo53floubmzytmswva,"{""autoTranslationMethod"":""ATMS_MT"",""targetLanguages"":[],""autoTranslate"":false,""locApprover"":""""}",alisonso,2026-05-29T12:16:00.176Z,DRAFT,Global,0765f678-af1f-47b9-adaf-c511037b9604,CONTENT,85dbe259-664e-4cca-9534-4e0a8cd7d2ae,5,"007a9898-5e2d-448a-af2a-0a849418d1a8,Expense Reimbursement,Expense System",FALSE,,,FALSE,,Mon Feb 01 1700 00:00:00 GMT+0000 (Coordinated Universal Time),,Mon Feb 01 1700 00:00:00 GMT+0000 (Coordinated Universal Time),,"All Employee Classes,No Value (Blank in AEM)","All Job Levels,No Value (Blank in AEM)","All LOBs,No Value (Blank in AEM)","All Location Types,No Value (Blank in AEM)","All Employees,No Value (Blank in AEM)",,,,,FALSE,,,FALSE,,,Mon Feb 01 1700 00:00:00 GMT+0000 (Coordinated Universal Time),Mon Feb 01 1700 00:00:00 GMT+0000 (Coordinated Universal Time),Mon Feb 01 1700 00:00:00 GMT+0000 (Coordinated Universal Time),,Mon Feb 01 1700 00:00:00 GMT+0000 (Coordinated Universal Time),,,,,Mon Feb 01 1700 00:00:00 GMT+0000 (Coordinated Universal Time),,FALSE,,https://corex.pxt.amazon.dev/all-content/007a9898-5e2d-448a-af2a-0a849418d1a8/0765f678-af1f-47b9-adaf-c511037b9604/0.5.0/content